Producto_FK,Cod_INE,Nombre,Especificaciones,timestamp
1,295-491-000,"SUTURA ABSORBIBLE NATURAL CRÓMICA (CATGUT CRÓMICO), No. 1, AGUJA 26 MM.","SUTURA ABSORBIBLE NATURAL CRÓMICA (CATGUT CRÓMICO), No. 1, AGUJA CURVA, 1/2 CÍRCULO, PUNTA CÓNICA CILÍNDRICA, 2.4.0.1.1. (26  MM.), LARGO DE HEBRA MÍNIMO 65 CMS., ESTÉRIL, LIBRE DE PIRÓGENOS, DESCARTABLE, EMPAQUE INDIVIDUAL.","2023-04-06 01:28:12"
2,295-492-000,"SUTURA ABSORBIBLE NATURAL CRÓMICA (CATGUT CRÓMICO), No. 1, AGUJA 36 MM.","SUTURA ABSORBIBLE NATURAL CRÓMICA (CATGUT CRÓMICO), No. 1, AGUJA CURVA, 1/2 CÍRCULO, PUNTA CÓNICA CILÍNDRICA, 2.4.0.1.1. (36  MM.), LARGO DE HEBRA MÍNIMO 65 CMS., ESTÉRIL, LIBRE DE PIRÓGENOS, DESCARTABLE, EMPAQUE INDIVIDUAL.","2023-04-06 01:28:12"
3,295-493-000,"SUTURA ABSORBIBLE NATURAL CRÓMICA (CATGUT CRÓMICO), No. 0, AGUJA 36 MM.","SUTURA ABSORBIBLE NATURAL CRÓMICA (CATGUT CRÓMICO), No. 0, AGUJA CURVA, 1/2 CÍRCULO, PUNTA CÓNICA CILÍNDRICA, 2.4.0.1.1. (36   MM.), LARGO DE HEBRA MÍNIMO 65 CMS., ESTÉRIL, LIBRE DE PIRÓGENOS, DESCARTABLE, EMPAQUE INDIVIDUAL.","2023-04-06 01:28:12"
4,295-494-000,"SUTURA ABSORBIBLE NATURAL CRÓMICA (CATGUT CRÓMICO), No. 0, AGUJA 26 MM.","SUTURA ABSORBIBLE NATURAL CRÓMICA (CATGUT CRÓMICO), No. 0, AGUJA CURVA, 1/2 CÍRCULO, PUNTA CÓNICA CILÍNDRICA, 2.4.0.1.1. (26   MM.), LARGO DE HEBRA MÍNIMO 65 CMS., ESTÉRIL, LIBRE DE PIRÓGENOS, DESCARTABLE, EMPAQUE INDIVIDUAL.","2023-04-06 01:28:12"
5,295-495-000,"SUTURA ABSORBIBLE NATURAL CRÓMICA (CATGUT CRÓMICO), No. 2-0, AGUJA 36 MM.","SUTURA ABSORBIBLE NATURAL CRÓMICA (CATGUT CRÓMICO), No. 2-0, AGUJA CURVA, 1/2 CÍRCULO, PUNTA CÓNICA CILÍNDRICA, 2.4.0.1.1. (36   MM.), LARGO DE HEBRA MÍNIMO 65 CMS., ESTÉRIL, LIBRE DE PIRÓGENOS, DESCARTABLE, EMPAQUE INDIVIDUAL.","2023-04-06 01:28:12"
6,295-496-000,"SUTURA ABSORBIBLE NATURAL CRÓMICA (CATGUT CRÓMICO), No. 2-0, AGUJA 26 MM.","SUTURA ABSORBIBLE NATURAL CRÓMICA (CATGUT CRÓMICO), No. 2-0, AGUJA CURVA, 1/2 CÍRCULO, PUNTA CÓNICA CILÍNDRICA, 2.4.0.1.1. (26   MM.), LARGO DE HEBRA MÍNIMO 65 CMS., ESTÉRIL, LIBRE DE PIRÓGENOS, DESCARTABLE, EMPAQUE INDIVIDUAL.","2023-04-06 01:28:12"
7,295-497-000,"SUTURA ABSORBIBLE NATURAL CRÓMICA (CATGUT CRÓMICO), No. 3-0, AGUJA 26 MM.","SUTURA ABSORBIBLE NATURAL CRÓMICA (CATGUT CRÓMICO), No. 3-0, AGUJA CURVA, 1/2 CÍRCULO, PUNTA CÓNICA CILÍNDRICA, 2.4.0.1.1. (26  MM.), LARGO DE HEBRA MÍNIMO 65 CMS., ESTÉRIL, LIBRE DE PIRÓGENOS, DESCARTABLE, EMPAQUE INDIVIDUAL.","2023-04-06 01:28:12"
8,295-498-000,"SUTURA ABSORBIBLE NATURAL CRÓMICA (CATGUT CRÓMICO), No. 4-0, AGUJA 26 MM.","SUTURA ABSORBIBLE NATURAL CRÓMICA (CATGUT CRÓMICO), No. 4-0, AGUJA CURVA, 1/2 CÍRCULO, PUNTA CÓNICA CILÍNDRICA, 2.4.0.1.1. (26   MM.), LARGO DE HEBRA MÍNIMO 65 CMS.,  ESTÉRIL, LIBRE DE PIRÓGENOS, DESCARTABLE, EMPAQUE INDIVIDUAL.","2023-04-06 01:28:12"
9,295-499-000,"SUTURA ABSORBIBLE NATURAL CRÓMICA (CATGUT CRÓMICO), No. 5-0, AGUJA 16 MM.","SUTURA ABSORBIBLE NATURAL CRÓMICA (CATGUT CRÓMICO), No. 5-0, AGUJA CURVA, 1/2 CÍRCULO, PUNTA CÓNICA CILÍNDRICA, 2.4.0.1.1. (16   MM.), LARGO DE HEBRA MÍNIMO 65 CMS., ESTÉRIL, LIBRE DE PIRÓGENOS, DESCARTABLE, EMPAQUE INDIVIDUAL.","2023-04-06 01:28:12"
10,295-500-000,"SUTURA ABSORBIBLE NATURAL SIMPLE (CATGUT SIMPLE), No. 0, AGUJA 26 MM.","SUTURA ABSORBIBLE NATURAL SIMPLE (CATGUT SIMPLE), No. 0, AGUJA CURVA, 1/2 CÍRCULO, PUNTA CÓNICA CILÍNDRICA, 2.4.0.1.1. (26 MM.), LARGO DE HEBRA MÍNIMO 65 CMS., ESTÉRIL, LIBRE DE PIRÓGENOS, DESCARTABLE, EMPAQUE INDIVIDUAL.","2023-04-06 01:28:12"
11,295-501-000,"SUTURA ABSORBIBLE NATURAL SIMPLE (CATGUT SIMPLE), No. 2-0, AGUJA 36 MM.","SUTURA ABSORBIBLE NATURAL SIMPLE (CATGUT SIMPLE), No. 2-0, AGUJA CURVA, 1/2 CÍRCULO, PUNTA CÓNICA CILÍNDRICA, 2.4.0.1.1. (36   MM.), LARGO DE HEBRA MÍNIMO 65 CMS., ESTÉRIL, LIBRE DE PIRÓGENOS, DESCARTABLE, EMPAQUE INDIVIDUAL.","2023-04-06 01:28:12"
12,295-502-000,"SUTURA ABSORBIBLE NATURAL SIMPLE (CATGUT SIMPLE), No. 2-0, AGUJA 26 MM.","SUTURA ABSORBIBLE NATURAL SIMPLE (CATGUT SIMPLE), No. 2-0, AGUJA CURVA, 1/2 CÍRCULO, PUNTA CÓNICA CILÍNDRICA, 2.4.0.1.1. (26   MM.), LARGO DE HEBRA MÍNIMO 65 CMS., ESTÉRIL, LIBRE DE PIRÓGENOS, DESCARTABLE, EMPAQUE INDIVIDUAL.","2023-04-06 01:28:12"
13,295-503-000,"SUTURA ABSORBIBLE NATURAL SIMPLE (CATGUT SIMPLE), No. 3-0, AGUJA 36 MM.","SUTURA ABSORBIBLE NATURAL SIMPLE (CATGUT SIMPLE), No. 3-0, AGUJA CURVA, 1/2 CÍRCULO, PUNTA CÓNICA CILÍNDRICA, 2.4.0.1.1. (36   MM.), LARGO DE HEBRA MÍNIMO 65 CMS., ESTÉRIL, LIBRE DE PIRÓGENOS, DESCARTABLE, EMPAQUE INDIVIDUAL.","2023-04-06 01:28:12"
14,295-504-000,"SUTURA ABSORBIBLE NATURAL SIMPLE (CATGUT SIMPLE), No. 3-0, AGUJA 26 MM.","SUTURA ABSORBIBLE NATURAL SIMPLE (CATGUT SIMPLE), No. 3-0, AGUJA CURVA, 1/2 CÍRCULO, PUNTA CÓNICA CILÍNDRICA, 2.4.0.1.1. (26   MM.), LARGO DE HEBRA MÍNIMO 65 CMS., ESTÉRIL, LIBRE DE PIRÓGENOS, DESCARTABLE, EMPAQUE INDIVIDUAL.","2023-04-06 01:28:12"
15,295-505-000,"SUTURA ABSORBIBLE NATURAL SIMPLE (CATGUT SIMPLE), No. 4-0, AGUJA 21 MM.","SUTURA ABSORBIBLE NATURAL SIMPLE (CATGUT SIMPLE), No. 4-0, AGUJA CURVA, 1/2 CÍRCULO, PUNTA CÓNICA CILÍNDRICA, 2.4.0.1.1. (21   MM.), LARGO DE HEBRA MÍNIMO 65 CMS., ESTÉRIL, LIBRE DE PIRÓGENOS, DESCARTABLE, EMPAQUE INDIVIDUAL.","2023-04-06 01:28:12"
16,295-506-000,"SUTURA ABSORBIBLE NATURAL SIMPLE (CATGUT SIMPLE), No. 5-0, AGUJA 21 MM.","SUTURA ABSORBIBLE NATURAL SIMPLE (CATGUT SIMPLE), No. 5-0, AGUJA CURVA, 1/2 CÍRCULO, PUNTA CÓNICA CILÍNDRICA, 2.4.0.1.1. (21   MM.), LARGO DE HEBRA MÍNIMO 65 CMS., ESTÉRIL, LIBRE DE PIRÓGENOS, DESCARTABLE, EMPAQUE INDIVIDUAL.","2023-04-06 01:28:12"
17,295-507-000,"SUTURA ABSORBIBLE SINTÉTICA, MULTIFILAMENTO TRENZADO, CON ÁCIDO POLIGLICÓLICO, 1/2 CÍRCULO, PUNTA CÓNICA, No. 0 (1-0), AGUJA 26 MM.","SUTURA ABSORBIBLE SINTÉTICA, MULTIFILAMENTO TRENZADO, CON ÁCIDO POLIGLICÓLICO, No. 0 (1-0),  1/2 CÍRCULO, PUNTA CÓNICA, 2.4.0.3.1., (26 MM.), LARGO DE HEBRA MÍNIMO 45 CMS., ESTÉRIL, LIBRE DE PIRÓGENOS, DESCARTABLE, EMPAQUE INDIVIDUAL.","2023-04-06 01:28:12"
18,295-508-000,"SUTURA ABSORBIBLE SINTÉTICA, MULTIFILAMENTO TRENZADO, CON ÁCIDO POLIGLICÓLICO, No. 0 (1-0), AGUJA 36 MM.","SUTURA ABSORBIBLE SINTÉTICA, MULTIFILAMENTO TRENZADO, CON ÁCIDO POLIGLICÓLICO, No. 0 (1-0), 1/2 CÍRCULO, PUNTA CÓNICA, 2.4.0.3.1., (36 MM.), LARGO DE HEBRA MÍNIMO 45 CMS., ESTÉRIL, LIBRE DE PIRÓGENOS, DESCARTABLE, EMPAQUE INDIVIDUAL.","2023-04-06 01:28:12"
19,295-509-000,"SUTURA ABSORBIBLE SINTÉTICA, MULTIFILAMENTO TRENZADO, CON ÁCIDO POLIGLICÓLICO, 1/2 CÍRCULO, PUNTA CÓNICA, No. 2-0, AGUJA 26 MM.","SUTURA ABSORBIBLE SINTÉTICA, MULTIFILAMENTO TRENZADO, CON ÁCIDO POLIGLICÓLICO, No. 2-0,  1/2 CÍRCULO, PUNTA CÓNICA, 2.4.0.3.1., (26 MM.), LARGO DE HEBRA MÍNIMO 45 CMS., ESTÉRIL, LIBRE DE PIRÓGENOS, DESCARTABLE, EMPAQUE INDIVIDUAL.","2023-04-06 01:28:12"
20,295-510-000,"SUTURA ABSORBIBLE SINTÉTICA, MULTIFILAMENTO TRENZADO, CON ÁCIDO POLIGLICÓLICO, No. 2-0, AGUJA 36 MM.","SUTURA ABSORBIBLE SINTÉTICA, MULTIFILAMENTO TRENZADO, CON ÁCIDO POLIGLICÓLICO, No. 2-0,  3/8 CÍRCULO, PUNTA CÓNICA, 2.3.0.3.1., (36 MM.), LARGO DE HEBRA MÍNIMO 45 CMS., ESTÉRIL, LIBRE DE PIRÓGENOS, DESCARTABLE, EMPAQUE INDIVIDUAL.","2023-04-06 01:28:12"
21,295-511-000,"SUTURA ABSORBIBLE SINTÉTICA, MULTIFILAMENTO TRENZADO, CON ÁCIDO POLIGLICÓLICO, 1/2 CÍRCULO, PUNTA ROMA, No. 3-0, AGUJA 26 MM.","SUTURA ABSORBIBLE SINTÉTICA, MULTIFILAMENTO TRENZADO, CON ÁCIDO POLIGLICÓLICO, No. 3-0, 1/2 CÍRCULO, PUNTA ROMA, 2.4.1.1.1., (26 MM.), LARGO DE HEBRA MÍNIMO 65 CMS., ESTÉRIL, LIBRE DE PIRÓGENOS, DESCARTABLE, EMPAQUE INDIVIDUAL.","2023-04-06 01:28:12"
22,295-512-000,"SUTURA ABSORBIBLE SINTÉTICA, MULTIFILAMENTO TRENZADO, CON ÁCIDO POLIGLICÓLICO, No. 3-0, AGUJA 36 MM.","SUTURA ABSORBIBLE SINTÉTICA, MULTIFILAMENTO TRENZADO, CON ÁCIDO POLIGLICÓLICO, No. 3-0,  1/2 CÍRCULO, PUNTA ROMA, 2.4.1.1.1., (36 MM.), LARGO DE HEBRA MÍNIMO 65 CMS., ESTÉRIL, LIBRE DE PIRÓGENOS, DESCARTABLE, EMPAQUE INDIVIDUAL.","2023-04-06 01:28:12"
23,295-513-000,"SUTURA ABSORBIBLE SINTÉTICA, MULTIFILAMENTO TRENZADO, CON ÁCIDO POLIGLICÓLICO, 3/8 CÍRCULO, PUNTA CÓNICA, No. 4-0, AGUJA 26 MM.","SUTURA ABSORBIBLE SINTÉTICA, MULTIFILAMENTO TRENZADO, CON ÁCIDO POLIGLICÓLICO, No. 4-0,  3/8 CÍRCULO, PUNTA CÓNICA, 2.3.0.3.1., (26 MM.), LARGO DE HEBRA MÍNIMO 45 CMS., ESTÉRIL, LIBRE DE PIRÓGENOS, DESCARTABLE, EMPAQUE INDIVIDUAL.","2023-04-06 01:28:12"
24,295-514-000,"SUTURA ABSORBIBLE SINTÉTICA, MULTIFILAMENTO TRENZADO, CON ÁCIDO POLIGLICÓLICO, 3/8 CÍRCULO, PUNTA CÓNICA, No. 5-0, AGUJA 26 MM.","SUTURA ABSORBIBLE SINTÉTICA, MULTIFILAMENTO TRENZADO, CON ÁCIDO POLIGLICÓLICO, No. 5-0, 3/8 CÍRCULO, PUNTA CÓNICA, 2.3.0.3.1., (26 MM.), LARGO DE HEBRA MÍNIMO 45 CMS., ESTÉRIL, LIBRE DE PIRÓGENOS, DESCARTABLE, EMPAQUE INDIVIDUAL.","2023-04-06 01:28:12"
25,295-515-000,"SUTURA ABSORBIBLE SINTÉTICA, MULTIFILAMENTO TRENZADO, CON ÁCIDO POLIGLICÓLICO, No. 5-0, AGUJA 15.5 A 17.5 MM.","SUTURA ABSORBIBLE SINTÉTICA, MULTIFILAMENTO TRENZADO, CON ÁCIDO POLIGLICÓLICO, No. 5-0,  1/2 CÍRCULO, PUNTA CÓNICA, 2.4.0.3.1., (15.5 A 17.5 MM.), LARGO DE HEBRA MÍNIMO 45 CMS., ESTÉRIL, LIBRE DE PIRÓGENOS, DESCARTABLE, EMPAQUE INDIVIDUAL.","2023-04-06 01:28:12"
26,295-516-000,"SUTURA ABSORBIBLE SINTÉTICA, MULTIFILAMENTO TRENZADO, CON ÁCIDO POLIGLICÓLICO, No. 6-0, AGUJA 26 MM.","SUTURA ABSORBIBLE SINTÉTICA, MULTIFILAMENTO TRENZADO, CON ÁCIDO POLIGLICÓLICO, No. 6-0, 3/8 CÍRCULO, PUNTA CÓNICA, 2.3.0.3.1., (26 MM.), LARGO DE HEBRA MÍNIMO 45 CMS., ESTÉRIL, LIBRE DE PIRÓGENOS, DESCARTABLE, EMPAQUE INDIVIDUAL.","2023-04-06 01:28:12"
27,295-517-000,"SUTURA ABSORBIBLE SINTÉTICA, MULTIFILAMENTO TRENZADO, CON ÁCIDO POLIGLICÓLICO, No. 6-0, AGUJA 15.5 A 17.5 MM.","SUTURA ABSORBIBLE SINTÉTICA, MULTIFILAMENTO TRENZADO, CON ÁCIDO POLIGLICÓLICO, No. 6-0,  1/2 CÍRCULO, PUNTA CÓNICA, 2.4.0.3.1., (15.5 A 17.5 MM.), LARGO DE HEBRA MÍNIMO 45 CMS., ESTÉRIL, LIBRE DE PIRÓGENOS, DESCARTABLE, EMPAQUE INDIVIDUAL.","2023-04-06 01:28:12"
28,295-518-000,"SUTURA ABSORBIBLE SINTÉTICA, MULTIFILAMENTO TRENZADO, CON POLIGLACTIN O POLIGLACTINA, 5/8 CÍRCULO, PUNTA REDONDA, No. 0 (1-0), AGUJA 26 MM.","SUTURA ABSORBIBLE SINTÉTICA, DE POLIGLACTIN O POLIGLACTINA, MULTIFILAMENTO TRENZADO, No. 0 (1-0), 5/8 CÍRCULO, PUNTA REDONDA, 2.5.0.3.1., (26 MM.), LARGO DE HEBRA MÍNIMO 45 CMS., ESTÉRIL, LIBRE DE PIRÓGENOS, DESCARTABLE, EMPAQUE INDIVIDUAL.","2023-04-06 01:28:12"
29,295-519-000,"SUTURA ABSORBIBLE SINTÉTICA, MULTIFILAMENTO TRENZADO, CON ÁCIDO POLIGLICÓLICO, 1/2 CÍRCULO, PUNTA TRIANGULAR, No. 4-0, AGUJA 26 MM.","SUTURA ABSORBIBLE SINTÉTICA, MULTIFILAMENTO TRENZADO, CON ÁCIDO POLIGLICÓLICO, No. 4-0, 1/2 CÍRCULO, PUNTA TRIANGULAR, 2.4.2.3.1., (26 MM.), LARGO DE HEBRA MÍNIMO 45 CMS., ESTÉRIL, LIBRE DE PIRÓGENOS, DESCARTABLE, EMPAQUE INDIVIDUAL.","2023-04-06 01:28:12"
30,295-520-000,"SUTURA ABSORBIBLE SINTÉTICA, MULTIFILAMENTO TRENZADO, CON ÁCIDO POLIGLICÓLICO, 1/2 CÍRCULO, PUNTA TRIANGULAR, No. 5-0, AGUJA 26 MM.","SUTURA ABSORBIBLE SINTÉTICA, MULTIFILAMENTO TRENZADO, CON ÁCIDO POLIGLICÓLICO, No. 5-0,  1/2 CÍRCULO, PUNTA TRIANGULAR, 2.4.2.3.1., (26 MM.), LARGO DE HEBRA MÍNIMO 45 CMS., ESTÉRIL, LIBRE DE PIRÓGENOS, DESCARTABLE, EMPAQUE INDIVIDUAL.","2023-04-06 01:28:12"
31,295-521-000,"SUTURA ABSORBIBLE SINTÉTICA, MULTIFILAMENTO TRENZADO, CON ÁCIDO POLIGLICÓLICO, 1/2 CÍRCULO, PUNTA TRIANGULAR, No. 2-0, AGUJA 26 MM.","SUTURA ABSORBIBLE SINTÉTICA, MULTIFILAMENTO TRENZADO, CON ÁCIDO POLIGLICÓLICO, No. 2-0, 1/2 CÍRCULO, PUNTA TRIANGULAR, 2.4.2.3.1., (26 MM.), LARGO DE HEBRA MÍNIMO 45 CMS., ESTÉRIL, LIBRE DE PIRÓGENOS, DESCARTABLE, EMPAQUE INDIVIDUAL.","2023-04-06 01:28:12"
32,295-522-000,"SUTURA ABSORBIBLE SINTÉTICA, MULTIFILAMENTO TRENZADO, CON ÁCIDO POLIGLICÓLICO, 1/2 CÍRCULO, PUNTA TRIANGULAR, No. 3-0, AGUJA 26 MM.","SUTURA ABSORBIBLE SINTÉTICA, MULTIFILAMENTO TRENZADO, CON ÁCIDO POLIGLICÓLICO, No. 3-0,  1/2 CÍRCULO, PUNTA TRIANGULAR, 2.4.2.3.1., (26 MM.), LARGO DE HEBRA MÍNIMO 45 CMS., ESTÉRIL, LIBRE DE PIRÓGENOS, DESCARTABLE, EMPAQUE INDIVIDUAL.","2023-04-06 01:28:12"
33,295-523-000,"SUTURA ABSORBIBLE SINTÉTICA, MULTIFILAMENTO TRENZADO, CON ÁCIDO POLIGLICÓLICO, 1/2 CÍRCULO, PUNTA TRIANGULAR, No. 0 (1-0), AGUJA 26 MM.","SUTURA ABSORBIBLE SINTÉTICA, MULTIFILAMENTO TRENZADO, CON ÁCIDO POLIGLICÓLICO, No. 0 (1-0), 1/2 CÍRCULO, PUNTA TRIANGULAR, 2.4.2.3.1., (26 MM.), LARGO DE HEBRA MÍNIMO 45 CMS., ESTÉRIL, LIBRE DE PIRÓGENOS, DESCARTABLE, EMPAQUE INDIVIDUAL.","2023-04-06 01:28:12"
34,295-524-000,"SUTURA ABSORBIBLE SINTÉTICA, MULTIFILAMENTO TRENZADO, CON POLIGLACTIN O POLIGLACTINA, 1/2 CÍRCULO, PUNTA REDONDA, No. 0 (1-0), AGUJA 36 MM.","SUTURA ABSORBIBLE SINTÉTICA, DE POLIGLACTIN O POLIGLACTINA, MULTIFILAMENTO TRENZADO, No. 0 (1-0), 1/2 CÍRCULO, PUNTA REDONDA, 2.4.0.3.1., (36 MM.), LARGO DE HEBRA MÍNIMO 45 CMS., ESTÉRIL, LIBRE DE PIRÓGENOS, DESCARTABLE, EMPAQUE INDIVIDUAL.","2023-04-06 01:28:12"
35,295-525-000,"SUTURA ABSORBIBLE SINTÉTICA, MULTIFILAMENTO TRENZADO, CON POLIGLACTIN O POLIGLACTINA, 1/2 CÍRCULO, PUNTA REDONDA, No. 0 (1-0), AGUJA 26 MM.","SUTURA ABSORBIBLE SINTÉTICA, DE POLIGLACTIN O POLIGLACTINA, MULTIFILAMENTO TRENZADO, No. 0 (1-0), 1/2 CÍRCULO, PUNTA REDONDA, 2.4.0.3.1., (26 MM.), LARGO DE HEBRA MÍNIMO 45 CMS., ESTÉRIL, LIBRE DE PIRÓGENOS, DESCARTABLE, EMPAQUE INDIVIDUAL.","2023-04-06 01:28:12"
36,295-526-000,"SUTURA ABSORBIBLE SINTÉTICA, MULTIFILAMENTO TRENZADO, CON ÁCIDO POLIGLICÓLICO, No. 7-0, AGUJA 6.5 a 7.5 MM.","SUTURA ABSORBIBLE SINTÉTICA, MULTIFILAMENTO TRENZADO, CON ÁCIDO POLIGLICÓLICO, No. 7-0, 3/8 CÍRCULO, PUNTA CÓNICA, 2.3.0.3.1., (6.5 a 7.5 MM.), LARGO DE HEBRA MÍNIMO 45 CMS., ESTÉRIL, LIBRE DE PIRÓGENOS, DESCARTABLE, EMPAQUE INDIVIDUAL.","2023-04-06 01:28:12"
37,295-527-000,"SUTURA ABSORBIBLE SINTÉTICA, MULTIFILAMENTO TRENZADO, CON ÁCIDO POLIGLICÓLICO, No. 8-0, AGUJA 6.5 a 7.5 MM.","SUTURA ABSORBIBLE SINTÉTICA, MULTIFILAMENTO TRENZADO, CON ÁCIDO POLIGLICÓLICO, No. 8-0, 3/8 CÍRCULO, PUNTA CÓNICA, 2.3.0.3.1., (6.5 a 7.5 MM.), LARGO DE HEBRA MÍNIMO 45 CMS., ESTÉRIL, LIBRE DE PIRÓGENOS, DESCARTABLE, EMPAQUE INDIVIDUAL.","2023-04-06 01:28:12"
38,295-528-000,"SUTURA ABSORBIBLE SINTÉTICA, MULTIFILAMENTO TRENZADO, CON ÁCIDO POLIGLICÓLICO, No. 9-0, AGUJA 6.5 a 7.5 MM.","SUTURA ABSORBIBLE SINTÉTICA, MULTIFILAMENTO TRENZADO, CON ÁCIDO POLIGLICÓLICO, No. 9-0, 3/8 CÍRCULO, PUNTA CÓNICA, 2.3.0.3.1., (6.5 a 7.5 MM.), LARGO DE HEBRA MÍNIMO 45 CMS., ESTÉRIL, LIBRE DE PIRÓGENOS, DESCARTABLE, EMPAQUE INDIVIDUAL.","2023-04-06 01:28:12"
39,295-529-000,"SUTURA ABSORBIBLE SINTÉTICA, MULTIFILAMENTO TRENZADO, CON ÁCIDO POLIGLICÓLICO, No. 10-0, AGUJA 6.5 a 7.5 MM.","SUTURA ABSORBIBLE SINTÉTICA, MULTIFILAMENTO TRENZADO, CON ÁCIDO POLIGLICÓLICO, No. 10-0, 3/8 CÍRCULO, PUNTA CÓNICA, 2.3.0.3.1., (6.5 a 7.5 MM.), LARGO DE HEBRA MÍNIMO 45 CMS., ESTÉRIL, LIBRE DE PIRÓGENOS, DESCARTABLE, EMPAQUE INDIVIDUAL.","2023-04-06 01:28:12"
40,295-530-000,"SUTURA ABSORBIBLE SINTÉTICA, MULTIFILAMENTO TRENZADO, CON POLIGLACTIN O POLIGLACTINA, 1/2 CÍRCULO, PUNTA REDONDA, No. 3-0, AGUJA 36 MM.","SUTURA ABSORBIBLE SINTÉTICA, DE POLIGLACTIN O POLIGLACTINA, MULTIFILAMENTO TRENZADO, No. 3-0, 1/2 CÍRCULO, PUNTA REDONDA, 2.4.0.3.1., (36 MM.), LARGO DE HEBRA MÍNIMO 45 CMS., ESTÉRIL, LIBRE DE PIRÓGENOS, DESCARTABLE, EMPAQUE INDIVIDUAL.","2023-04-06 01:28:12"
41,295-531-000,"SUTURA ABSORBIBLE SINTÉTICA, MULTIFILAMENTO TRENZADO, CON POLIGLACTIN O POLIGLACTINA, No. 4-0, AGUJA 15 A 17 MM.","SUTURA ABSORBIBLE SINTÉTICA, DE POLIGLACTIN O POLIGLACTINA, MULTIFILAMENTO TRENZADO, No. 4-0, 1/2 CÍRCULO, PUNTA REDONDA, 2.4.0.3.1., (15 A 17 MM.), LARGO DE HEBRA MÍNIMO 45 CMS., ESTÉRIL, LIBRE DE PIRÓGENOS, DESCARTABLE, EMPAQUE INDIVIDUAL.","2023-04-06 01:28:12"
42,295-532-000,"SUTURA ABSORBIBLE SINTÉTICA, MULTIFILAMENTO TRENZADO, CON POLIGLACTIN O POLIGLACTINA, No. 5-0, AGUJA 15 A 17 MM.","SUTURA ABSORBIBLE SINTÉTICA, DE POLIGLACTIN O POLIGLACTINA, MULTIFILAMENTO TRENZADO, No. 5-0, 1/2 CÍRCULO, PUNTA CÓNICA, 2.4.0.1.1, (15 A 17 MM.), LARGO DE HEBRA MÍNIMO 45 CMS., ESTÉRIL, LIBRE DE PIRÓGENOS, DESCARTABLE, EMPAQUE INDIVIDUAL.","2023-04-06 01:28:12"
43,295-533-000,"SUTURA ABSORBIBLE SINTÉTICA, MULTIFILAMENTO TRENZADO, CON POLIGLACTIN O POLIGLACTINA, No. 6-0, AGUJA 15 A 17 MM.","SUTURA ABSORBIBLE SINTÉTICA, DE POLIGLACTIN O POLIGLACTINA, MULTIFILAMENTO TRENZADO, No. 6-0, 1/2 CÍRCULO, PUNTA REDONDA, 2.4.0.3.1., (15 A 17 MM.), LARGO DE HEBRA MÍNIMO 45 CMS., ESTÉRIL, LIBRE DE PIRÓGENOS, DESCARTABLE, EMPAQUE INDIVIDUAL.","2023-04-06 01:28:12"
44,295-534-000,"SUTURA ABSORBIBLE SINTÉTICA, MULTIFILAMENTO TRENZADO, CON POLIGLACTIN O POLIGLACTINA, 3/8 CÍRCULO, PUNTA REDONDA, No. 7-0, AGUJA 6.5 A 7.5 MM.","SUTURA ABSORBIBLE SINTÉTICA, DE POLIGLACTIN O POLIGLACTINA, MULTIFILAMENTO TRENZADO, No. 7-0, 3/8 CÍRCULO, PUNTA REDONDA, 2.3.0.3.1., (6.5 A 7.5 MM.), LARGO DE HEBRA MÍNIMO 45 CMS., ESTÉRIL, LIBRE DE PIRÓGENOS, DESCARTABLE, EMPAQUE INDIVIDUAL.","2023-04-06 01:28:12"
45,295-535-000,"SUTURA ABSORBIBLE SINTÉTICA, MULTIFILAMENTO TRENZADO, CON POLIGLACTIN O POLIGLACTINA, 1/2 CÍRCULO, PUNTA REDONDA, No. 2-0, AGUJA 26 MM.","SUTURA ABSORBIBLE SINTÉTICA, DE POLIGLACTIN O POLIGLACTINA, MULTIFILAMENTO TRENZADO, No. 2-0,  1/2 CÍRCULO, PUNTA REDONDA, 2.4.0.3.1., (26 MM.), LARGO DE HEBRA MÍNIMO 45 CMS., ESTÉRIL, LIBRE DE PIRÓGENOS, DESCARTABLE, EMPAQUE INDIVIDUAL.","2023-04-06 01:28:12"
46,295-536-000,"SUTURA ABSORBIBLE SINTÉTICA, MULTIFILAMENTO TRENZADO, CON POLIGLACTIN O POLIGLACTINA, No. 2-0,  AGUJA 26 MM.","SUTURA ABSORBIBLE SINTÉTICA, DE POLIGLACTIN O POLIGLACTINA, MULTIFILAMENTO TRENZADO, No. 2-0, 5/8 CÍRCULO, PUNTA REDONDA, 2.5.0.3.1., (26 MM.), LARGO DE HEBRA MÍNIMO 65 CMS., ESTÉRIL, LIBRE DE PIRÓGENOS, DESCARTABLE, EMPAQUE INDIVIDUAL.","2023-04-06 01:28:12"
47,295-537-000,"SUTURA ABSORBIBLE SINTÉTICA, MULTIFILAMENTO TRENZADO, CON POLIGLACTIN O POLIGLACTINA, No. 2-0,  AGUJA 36 MM.","SUTURA ABSORBIBLE SINTÉTICA, DE POLIGLACTIN O POLIGLACTINA, MULTIFILAMENTO TRENZADO, No. 2-0, 1/2 CÍRCULO, PUNTA REDONDA, 2.4.0.3.1., (36 MM.), LARGO DE HEBRA MÍNIMO 65 CMS., ESTÉRIL, LIBRE DE PIRÓGENOS, DESCARTABLE, EMPAQUE INDIVIDUAL.","2023-04-06 01:28:12"
48,295-538-000,"SUTURA ABSORBIBLE SINTÉTICA, MULTIFILAMENTO TRENZADO, CON POLIGLACTIN O POLIGLACTINA, 1/2 CÍRCULO, PUNTA REDONDA, No. 3-0, AGUJA 26 MM.","SUTURA ABSORBIBLE SINTÉTICA, DE POLIGLACTIN O POLIGLACTINA, MULTIFILAMENTO TRENZADO, No. 3-0, 1/2 CÍRCULO, PUNTA REDONDA, 2.4.0.3.1., (26 MM.), LARGO DE HEBRA MÍNIMO 65 CMS., ESTÉRIL, LIBRE DE PIRÓGENOS, DESCARTABLE, EMPAQUE INDIVIDUAL.","2023-04-06 01:28:12"
49,295-539-000,"SUTURA ABSORBIBLE SINTÉTICA, MULTIFILAMENTO TRENZADO, CON POLIGLACTIN O POLIGLACTINA, 1/2 CÍRCULO, PUNTA CORTANTE, No. 0 (1-0), AGUJA 26 MM.","SUTURA ABSORBIBLE SINTÉTICA, DE POLIGLACTIN O POLIGLACTINA, MULTIFILAMENTO TRENZADO, No. 0 (1-0), 1/2 CÍRCULO, PUNTA CORTANTE, 2.4.2.3.1., (26 MM.), LARGO DE HEBRA MÍNIMO 65 CMS., ESTÉRIL, LIBRE DE PIRÓGENOS, DESCARTABLE, EMPAQUE INDIVIDUAL.","2023-04-06 01:28:12"
50,295-540-000,"SUTURA ABSORBIBLE SINTÉTICA, MULTIFILAMENTO TRENZADO, CON POLIGLACTIN O POLIGLACTINA, 1/2 CÍRCULO, PUNTA CORTANTE, No. 0 (1-0), AGUJA 36 MM.","SUTURA ABSORBIBLE SINTÉTICA, DE POLIGLACTIN O POLIGLACTINA, MULTIFILAMENTO TRENZADO, No. 0 (1-0), 1/2 CÍRCULO, PUNTA CORTANTE, 2.4.2.3.1., (36 MM.), LARGO DE HEBRA MÍNIMO 65 CMS., ESTÉRIL, LIBRE DE PIRÓGENOS, DESCARTABLE, EMPAQUE INDIVIDUAL.","2023-04-06 01:28:12"
51,295-541-000,"SUTURA ABSORBIBLE SINTÉTICA, MULTIFILAMENTO TRENZADO, CON POLIGLACTIN O POLIGLACTINA, 3/8 CÍRCULO, PUNTA REDONDA, No. 8-0, AGUJA 6.5 A 7.5 MM.","SUTURA ABSORBIBLE SINTÉTICA, DE POLIGLACTIN O POLIGLACTINA, MULTIFILAMENTO TRENZADO, No. 8-0, 3/8 CÍRCULO, PUNTA REDONDA, 2.3.0.3.1., (6.5 A 7.5 MM.), LARGO DE HEBRA MÍNIMO 45 CMS., ESTÉRIL, LIBRE DE PIRÓGENOS, DESCARTABLE, EMPAQUE INDIVIDUAL.","2023-04-06 01:28:12"
52,295-542-000,"SUTURA ABSORBIBLE SINTÉTICA, MULTIFILAMENTO TRENZADO, CON POLIGLACTIN O POLIGLACTINA, 3/8 CÍRCULO, PUNTA REDONDA, No. 9-0, AGUJA 6.5 A 7.5 MM.","SUTURA ABSORBIBLE SINTÉTICA, DE POLIGLACTIN O POLIGLACTINA, MULTIFILAMENTO TRENZADO, No. 9-0, 3/8 CÍRCULO, PUNTA REDONDA, 2.3.0.3.1., (6.5 A 7.5 MM.), LARGO DE HEBRA MÍNIMO 45 CMS., ESTÉRIL, LIBRE DE PIRÓGENOS, DESCARTABLE, EMPAQUE INDIVIDUAL.","2023-04-06 01:28:12"
53,295-543-000,"SUTURA ABSORBIBLE SINTÉTICA, MULTIFILAMENTO TRENZADO, DE POLIGLACTIN O POLIGLACTINA, No. 10-0, AGUJA 6.5 A 7.5 MM.","SUTURA ABSORBIBLE SINTÉTICA, DE POLIGLACTIN O POLIGLACTINA, MULTIFILAMENTO TRENZADO, No. 10-0, 3/8 CÍRCULO, PUNTA REDONDA, 2.3.0.3.1., (6.5 A 7.5 MM.), LARGO DE HEBRA MÍNIMO 45 CMS., ESTÉRIL, LIBRE DE PIRÓGENOS, DESCARTABLE, EMPAQUE INDIVIDUAL.","2023-04-06 01:28:12"
54,295-544-000,"SUTURA ABSORBIBLE SINTÉTICA, MULTIFILAMENTO TRENZADO, CON POLIGLACTIN O POLIGLACTINA, 1/2 CÍRCULO, PUNTA CORTANTE, No. 2-0, AGUJA 26 MM.","SUTURA ABSORBIBLE SINTÉTICA, DE POLIGLACTIN O POLIGLACTINA, MULTIFILAMENTO TRENZADO, No. 2-0,  1/2 CÍRCULO, PUNTA CORTANTE, 2.4.2.3.1., (26 MM.), LARGO DE HEBRA MÍNIMO 65 CMS., ESTÉRIL, LIBRE DE PIRÓGENOS, DESCARTABLE, EMPAQUE INDIVIDUAL.","2023-04-06 01:28:12"
55,295-545-000,"SUTURA ABSORBIBLE SINTÉTICA, MULTIFILAMENTO TRENZADO, CON POLIGLACTIN O POLIGLACTINA, No. 2-0, AGUJA 36 MM.","SUTURA ABSORBIBLE SINTÉTICA, DE POLIGLACTIN O POLIGLACTINA, MULTIFILAMENTO TRENZADO, No. 2-0, 1/2 CÍRCULO, PUNTA CORTANTE, 2.4.2.3.1., (36 MM.), LARGO DE HEBRA MÍNIMO 65 CMS., ESTÉRIL, LIBRE DE PIRÓGENOS, DESCARTABLE, EMPAQUE INDIVIDUAL.","2023-04-06 01:28:12"
56,295-546-000,"SUTURA ABSORBIBLE SINTÉTICA, MULTIFILAMENTO TRENZADO, CON POLIGLACTIN O POLIGLACTINA, 1/2 CÍRCULO, PUNTA CORTANTE, No. 3-0, AGUJA 26 MM.","SUTURA ABSORBIBLE SINTÉTICA, DE POLIGLACTIN O POLIGLACTINA, MULTIFILAMENTO TRENZADO, No. 3-0,  1/2 CÍRCULO, PUNTA CORTANTE, 2.4.2.3.1., (26 MM.), LARGO DE HEBRA MÍNIMO 65 CMS., ESTÉRIL, LIBRE DE PIRÓGENOS, DESCARTABLE, EMPAQUE INDIVIDUAL.","2023-04-06 01:28:12"
57,295-547-000,"SUTURA ABSORBIBLE SINTÉTICA, MULTIFILAMENTO TRENZADO, CON POLIGLACTIN O POLIGLACTINA, 1/2 CÍRCULO, PUNTA CORTANTE, No. 3-0, AGUJA 36 MM.","SUTURA ABSORBIBLE SINTÉTICA, DE POLIGLACTIN O POLIGLACTINA, MULTIFILAMENTO TRENZADO, No. 3-0, 1/2 CÍRCULO, PUNTA CORTANTE, 2.4.2.3.1., (36 MM.), LARGO DE HEBRA MÍNIMO 65 CMS., ESTÉRIL, LIBRE DE PIRÓGENOS, DESCARTABLE, EMPAQUE INDIVIDUAL.","2023-04-06 01:28:12"
58,295-548-000,"SUTURA ABSORBIBLE SINTÉTICA, MULTIFILAMENTO TRENZADO, CON POLIGLACTIN O POLIGLACTINA, No. 4-0, AGUJA 26 MM.","SUTURA ABSORBIBLE SINTÉTICA, DE POLIGLACTIN O POLIGLACTINA, MULTIFILAMENTO TRENZADO, No. 4-0,  1/2 CÍRCULO, PUNTA CORTANTE, 2.4.2.3.1.,  (26 MM.), LARGO DE HEBRA MÍNIMO 65 CMS., ESTÉRIL, LIBRE DE PIRÓGENOS, DESCARTABLE, EMPAQUE INDIVIDUAL.","2023-04-06 01:28:12"
59,295-549-000,"SUTURA ABSORBIBLE SINTÉTICA, MULTIFILAMENTO TRENZADO, CON POLIGLACTIN O POLIGLACTINA, No. 5-0, AGUJA 7 A 10 MM.","SUTURA ABSORBIBLE SINTÉTICA, DE POLIGLACTIN O POLIGLACTINA, MULTIFILAMENTO TRENZADO, No. 5-0,  3/8 CÍRCULO, PUNTA CORTANTE, 2.3.2.3.1., (7 A 10 MM.), LARGO DE HEBRA MÍNIMO 65 CMS., ESTÉRIL, LIBRE DE PIRÓGENOS, DESCARTABLE, EMPAQUE INDIVIDUAL.","2023-04-06 01:28:12"
60,295-550-000,"SUTURA ABSORBIBLE SINTÉTICA, MULTIFILAMENTO TRENZADO, CON POLIGLACTIN O POLIGLACTINA, No. 6-0, AGUJA 7 A 10 MM.","SUTURA ABSORBIBLE SINTÉTICA, DE POLIGLACTIN O POLIGLACTINA, MULTIFILAMENTO TRENZADO, No. 6-0,  3/8 CÍRCULO, PUNTA CORTANTE, 2.3.2.3.1., (7 A 10 MM.), LARGO DE HEBRA MÍNIMO 65 CMS., ESTÉRIL, LIBRE DE PIRÓGENOS, DESCARTABLE, EMPAQUE INDIVIDUAL.","2023-04-06 01:28:12"
61,295-551-000,"SUTURA ABSORBIBLE SINTÉTICA, MULTIFILAMENTO TRENZADO, CON POLIGLACTIN O POLIGLACTINA, 3/8 CÍRCULO, PUNTA CORTANTE, No. 7-0, AGUJA 6.5 A 7.5 MM.","SUTURA ABSORBIBLE SINTÉTICA, DE POLIGLACTIN O POLIGLACTINA, MULTIFILAMENTO TRENZADO, No. 7-0,  3/8 CÍRCULO, PUNTA CORTANTE, 2.3.2.3.1., (6.5 A 7.5 MM.), LARGO DE HEBRA MÍNIMO 45 CMS., ESTÉRIL, LIBRE DE PIRÓGENOS, DESCARTABLE, EMPAQUE INDIVIDUAL.","2023-04-06 01:28:12"
62,295-552-000,"SUTURA ABSORBIBLE SINTÉTICA, MULTIFILAMENTO TRENZADO, CON POLIGLACTIN O POLIGLACTINA, 3/8 CÍRCULO, PUNTA CORTANTE, No. 8-0, AGUJA 6.5 A 7.5 MM.","SUTURA ABSORBIBLE SINTÉTICA, DE POLIGLACTIN O POLIGLACTINA, MULTIFILAMENTO TRENZADO, No. 8-0,  3/8 CÍRCULO, PUNTA CORTANTE, 2.3.2.3.1., (6.5 A 7.5 MM.), LARGO DE HEBRA MÍNIMO 45 CMS., ESTÉRIL, LIBRE DE PIRÓGENOS, DESCARTABLE, EMPAQUE INDIVIDUAL.","2023-04-06 01:28:12"
63,295-553-000,"SUTURA ABSORBIBLE SINTÉTICA, MULTIFILAMENTO TRENZADO, CON POLIGLACTIN O POLIGLACTINA, 3/8 CÍRCULO, PUNTA CORTANTE, No. 9-0, AGUJA 6.5 A 7.5 MM.","SUTURA ABSORBIBLE SINTÉTICA, DE POLIGLACTIN O POLIGLACTINA, MULTIFILAMENTO TRENZADO, No. 9-0,  3/8 CÍRCULO, PUNTA CORTANTE, 2.3.2.3.1., (6.5 A 7.5 MM.), LARGO DE HEBRA MÍNIMO 45 CMS., ESTÉRIL, LIBRE DE PIRÓGENOS, DESCARTABLE, EMPAQUE INDIVIDUAL.","2023-04-06 01:28:12"
64,295-554-000,"SUTURA ABSORBIBLE SINTÉTICA, MULTIFILAMENTO TRENZADO, CON POLIGLACTIN O POLIGLACTINA, No. 10-0, AGUJA 6.5 A 7.5 MM.","SUTURA ABSORBIBLE SINTÉTICA, DE POLIGLACTIN O POLIGLACTINA, MULTIFILAMENTO TRENZADO, No. 10-0,  3/8 DE  CÍRCULO, PUNTA CORTANTE, 2.3.2.3.1., (6.5 A 7.5 MM.), LARGO DE HEBRA MÍNIMO 45 CMS., ESTÉRIL, LIBRE DE PIRÓGENOS, DESCARTABLE, EMPAQUE INDIVIDUAL.","2023-04-06 01:28:12"
65,295-555-000,"SUTURA ABSORBIBLE SINTÉTICA, MONOFILAMENTO, CON POLIGLECAPRONA, 1/2 CÍRCULO, PUNTA CORTANTE, No. 0 (1-0), AGUJA 26 MM.","SUTURA ABSORBIBLE SINTÉTICA, DE POLIGLECAPRONA, MONOFILAMENTO, No. 0 (1-0), 1/2 CÍRCULO, PUNTA CORTANTE, 2.4.2.3.1., (26 MM.), LARGO DE HEBRA MÍNIMO 65 CMS., ESTÉRIL, LIBRE DE PIRÓGENOS, DESCARTABLE, EMPAQUE INDIVIDUAL.","2023-04-06 01:28:12"
66,295-556-000,"SUTURA ABSORBIBLE SINTÉTICA, MONOFILAMENTO, CON POLIGLECAPRONA, 1/2 CÍRCULO, PUNTA CORTANTE, No. 0 (1-0), AGUJA 36 MM.","SUTURA ABSORBIBLE SINTÉTICA, DE POLIGLECAPRONA, MONOFILAMENTO, No. 0 (1-0), 1/2 CÍRCULO, PUNTA CORTANTE 2.4.2.3.1., (36 MM.), LARGO DE HEBRA MÍNIMO 65 CMS., ESTÉRIL, LIBRE DE PIRÓGENOS, DESCARTABLE, EMPAQUE INDIVIDUAL.","2023-04-06 01:28:12"
67,295-557-000,"SUTURA ABSORBIBLE SINTÉTICA, MONOFILAMENTO, CON POLIGLECAPRONA, 3/8 DE CÍRCULO, PUNTA CORTANTE, No. 2-0, AGUJA 26 MM.","SUTURA ABSORBIBLE SINTÉTICA, DE POLIGLECAPRONA, MONOFILAMENTO, No. 2-0, 3/8 DE CÍRCULO, PUNTA CORTANTE, 2.3.2.3.1., (26 MM.), LARGO DE HEBRA MÍNIMO 65 CMS., ESTÉRIL, LIBRE DE PIRÓGENOS, DESCARTABLE, EMPAQUE INDIVIDUAL.","2023-04-06 01:28:12"
68,295-558-000,"SUTURA ABSORBIBLE SINTÉTICA, MONOFILAMENTO, CON POLIGLECAPRONA, 3/8 DE CÍRCULO, PUNTA CORTANTE, No. 2-0, AGUJA 36 MM.","SUTURA ABSORBIBLE SINTÉTICA, DE POLIGLECAPRONA, MONOFILAMENTO, No. 2-0, 3/8 DE CÍRCULO, PUNTA CORTANTE, 2.3.2.3.1., (36 MM.), LARGO DE HEBRA MÍNIMO 65 CMS., ESTÉRIL, LIBRE DE PIRÓGENOS, DESCARTABLE, EMPAQUE INDIVIDUAL.","2023-04-06 01:28:12"
69,295-559-000,"SUTURA ABSORBIBLE SINTÉTICA, MONOFILAMENTO, CON POLIGLECAPRONA, No. 3-0, AGUJA 18 A 20 MM.","SUTURA ABSORBIBLE SINTÉTICA, DE POLIGLECAPRONA, MONOFILAMENTO, No. 3-0, 3/8 DE CÍRCULO, PUNTA CORTANTE, 2.3.2.3.1., (18 A 20 MM.), LARGO DE HEBRA MÍNIMO 65 CMS., ESTÉRIL, LIBRE DE PIRÓGENOS, DESCARTABLE, EMPAQUE INDIVIDUAL.","2023-04-06 01:28:12"
70,295-560-000,"SUTURA ABSORBIBLE SINTÉTICA, MONOFILAMENTO, CON POLIGLECAPRONA, No. 3-0, AGUJA 24 A 26 MM.","SUTURA ABSORBIBLE SINTÉTICA, DE POLIGLECAPRONA, MONOFILAMENTO, No. 3-0, 3/8 DE CÍRCULO, PUNTA CORTANTE, 2.3.2.3.1., (24 A 26 MM.), LARGO DE HEBRA MÍNIMO 65 CMS., ESTÉRIL, LIBRE DE PIRÓGENOS, DESCARTABLE, EMPAQUE INDIVIDUAL.","2023-04-06 01:28:12"
71,295-561-000,"SUTURA ABSORBIBLE SINTÉTICA, MONOFILAMENTO, CON POLIGLECAPRONA, No. 4-0, AGUJA 13 A 15 MM.","SUTURA ABSORBIBLE SINTÉTICA, DE POLIGLECAPRONA, MONOFILAMENTO, No. 4-0, 3/8 DE CÍRCULO, PUNTA CORTANTE, 2.3.2.3.1., (13 A 15 MM.), LARGO DE HEBRA MÍNIMO 45 CMS., ESTÉRIL, LIBRE DE PIRÓGENOS, DESCARTABLE, EMPAQUE INDIVIDUAL.","2023-04-06 01:28:12"
72,295-562-000,"SUTURA ABSORBIBLE SINTÉTICA, MONOFILAMENTO, CON POLIGLECAPRONA, No. 4-0, AGUJA 18 A 20 MM.","SUTURA ABSORBIBLE SINTÉTICA, DE POLIGLECAPRONA, MONOFILAMENTO, No. 4-0, 3/8 DE CÍRCULO, PUNTA CORTANTE, 2.3.2.3.1., (18 A 20 MM.), LARGO DE HEBRA MÍNIMO 45 CMS., ESTÉRIL, LIBRE DE PIRÓGENOS, DESCARTABLE, EMPAQUE INDIVIDUAL.","2023-04-06 01:28:12"
73,295-563-000,"SUTURA ABSORBIBLE SINTÉTICA, MONOFILAMENTO, CON POLIGLECAPRONA, 3/8 DE CÍRCULO, PUNTA CORTANTE, No. 5-0, AGUJA 15 A 17 MM.","SUTURA ABSORBIBLE SINTÉTICA, DE POLIGLECAPRONA, MONOFILAMENTO, No. 5-0, 3/8 DE CÍRCULO, PUNTA CORTANTE, 2.3.2.3.1., (15 A 17 MM..), LARGO DE HEBRA MÍNIMO 45 CMS., ESTÉRIL, LIBRE DE PIRÓGENOS, DESCARTABLE, EMPAQUE INDIVIDUAL.","2023-04-06 01:28:12"
74,295-564-000,"SUTURA ABSORBIBLE SINTÉTICA, MONOFILAMENTO, CON POLIGLECAPRONA, 3/8 DE CÍRCULO, PUNTA CORTANTE, No. 6-0, AGUJA 15 A 17 MM.","SUTURA ABSORBIBLE SINTÉTICA, DE POLIGLECAPRONA, MONOFILAMENTO, No. 6-0, 3/8 DE CÍRCULO, PUNTA CORTANTE, 2.3.2.3.1., (15 A 17 MM..), LARGO DE HEBRA MÍNIMO 45 CMS., ESTÉRIL, LIBRE DE PIRÓGENOS, DESCARTABLE, EMPAQUE INDIVIDUAL.","2023-04-06 01:28:12"
75,295-565-000,"SUTURA ABSORBIBLE SINTÉTICA, MONOFILAMENTO, CON POLIGLECAPRONA, 3/8 DE CÍRCULO, PUNTA CORTANTE, No. 7-0, AGUJA 6.5 A 7.5 MM.","SUTURA ABSORBIBLE SINTÉTICA, DE POLIGLECAPRONA, MONOFILAMENTO, No. 7-0, 3/8 DE CÍRCULO, PUNTA CORTANTE, 2.3.2.3.1., (6.5 A 7.5 MM.), LARGO DE HEBRA MÍNIMO 45 CMS., ESTÉRIL, LIBRE DE PIRÓGENOS, DESCARTABLE, EMPAQUE INDIVIDUAL.","2023-04-06 01:28:12"
76,295-566-000,"SUTURA ABSORBIBLE SINTÉTICA, MONOFILAMENTO, CON POLIGLECAPRONA, 3/8 DE CÍRCULO, PUNTA CORTANTE, No. 8-0, AGUJA 6.5 A 7.5 MM.","SUTURA ABSORBIBLE SINTÉTICA, DE POLIGLECAPRONA, MONOFILAMENTO, No. 8-0, 3/8 DE CÍRCULO, PUNTA CORTANTE, 2.3.2.3.1., (6.5 A 7.5 MM.), LARGO DE HEBRA MÍNIMO 45 CMS., ESTÉRIL, LIBRE DE PIRÓGENOS, DESCARTABLE, EMPAQUE INDIVIDUAL.","2023-04-06 01:28:12"
77,295-567-000,"SUTURA ABSORBIBLE SINTÉTICA, MONOFILAMENTO, CON POLIGLECAPRONA, 3/8 DE CÍRCULO, PUNTA CORTANTE, No. 9-0, AGUJA 6.5 A 7.5 MM.","SUTURA ABSORBIBLE SINTÉTICA, DE POLIGLECAPRONA, MONOFILAMENTO, No. 9-0, 3/8 DE CÍRCULO, PUNTA CORTANTE, 2.3.2.3.1., (6.5 A 7.5 MM.), LARGO DE HEBRA MÍNIMO 45 CMS., ESTÉRIL, LIBRE DE PIRÓGENOS, DESCARTABLE, EMPAQUE INDIVIDUAL.","2023-04-06 01:28:12"
78,295-568-000,"SUTURA ABSORBIBLE SINTÉTICA, MONOFILAMENTO, CON POLIGLECAPRONA, 3/8 DE CÍRCULO, PUNTA CORTANTE, No. 10-0, AGUJA 6.5 A 7.5 MM.","SUTURA ABSORBIBLE SINTÉTICA, DE POLIGLECAPRONA, MONOFILAMENTO, No. 10-0, 3/8 DE CÍRCULO, PUNTA CORTANTE, 2.3.2.3.1., (6.5 A 7.5 MM.), LARGO DE HEBRA MÍNIMO 45 CMS., ESTÉRIL, LIBRE DE PIRÓGENOS, DESCARTABLE, EMPAQUE INDIVIDUAL.","2023-04-06 01:28:12"
79,295-569-000,"SUTURA ABSORBIBLE SINTÉTICA, MONOFILAMENTO, CON POLIGLECAPRONA, 1/2 CÍRCULO, PUNTA CÓNICA, No. 0 (1-0), AGUJA 26 MM.","SUTURA ABSORBIBLE SINTÉTICA, DE POLIGLECAPRONA, MONOFILAMENTO, No. 0 (1-0), 1/2 CÍRCULO, PUNTA CÓNICA, 2.4.0.3.1., (26 MM.), LARGO DE HEBRA MÍNIMO 65 CMS., ESTÉRIL, LIBRE DE PIRÓGENOS, DESCARTABLE, EMPAQUE INDIVIDUAL.","2023-04-06 01:28:12"
80,295-570-000,"SUTURA ABSORBIBLE SINTÉTICA, MONOFILAMENTO, CON POLIGLECAPRONA, 1/2 CÍRCULO, PUNTA CÓNICA, No. 0 (1-0), AGUJA 36 MM.","SUTURA ABSORBIBLE SINTÉTICA, DE POLIGLECAPRONA, MONOFILAMENTO, No. 0 (1-0), 1/2 CÍRCULO, PUNTA CÓNICA, 2.4.0.3.1., (36 MM.), LARGO DE HEBRA MÍNIMO 65 CMS.,  ESTÉRIL, LIBRE DE PIRÓGENOS, DESCARTABLE, EMPAQUE INDIVIDUAL.","2023-04-06 01:28:12"
81,295-571-000,"SUTURA ABSORBIBLE SINTÉTICA, MONOFILAMENTO, CON POLIGLECAPRONA, 1/2 CÍRCULO, PUNTA CÓNICA, No. 2-0, AGUJA 26 MM.","SUTURA ABSORBIBLE SINTÉTICA, DE POLIGLECAPRONA, MONOFILAMENTO, No. 2-0, 1/2 CÍRCULO, PUNTA CÓNICA, 2.4.0.3.1., (26 MM.), LARGO DE HEBRA MÍNIMO 65 CMS., ESTÉRIL, LIBRE DE PIRÓGENOS, DESCARTABLE, EMPAQUE INDIVIDUAL.","2023-04-06 01:28:12"
82,295-572-000,"SUTURA ABSORBIBLE SINTÉTICA, MONOFILAMENTO, CON POLIGLECAPRONA, 1/2 CÍRCULO, PUNTA CÓNICA, No. 2-0, AGUJA 36 MM.","SUTURA ABSORBIBLE SINTÉTICA, DE POLIGLECAPRONA, MONOFILAMENTO, No. 2-0, 1/2 CÍRCULO, PUNTA CÓNICA, 2.4.0.3.1., (36 MM.), LARGO DE HEBRA MÍNIMO 65 CMS., ESTÉRIL, LIBRE DE PIRÓGENOS, DESCARTABLE, EMPAQUE INDIVIDUAL.","2023-04-06 01:28:12"
83,295-573-000,"SUTURA ABSORBIBLE SINTÉTICA, MONOFILAMENTO, CON POLIGLECAPRONA, No. 3-0, AGUJA 15 A 17 MM.","SUTURA ABSORBIBLE SINTÉTICA, DE POLIGLECAPRONA, MONOFILAMENTO, No. 3-0, 1/2 CÍRCULO, PUNTA CÓNICA, 2. 4.0.3.1., (15 A 17 MM.), LARGO DE HEBRA MÍNIMO 65 CMS., ESTÉRIL, LIBRE DE PIRÓGENOS, DESCARTABLE, EMPAQUE INDIVIDUAL.","2023-04-06 01:28:12"
84,295-574-000,"SUTURA ABSORBIBLE SINTÉTICA, MONOFILAMENTO, CON POLIGLECAPRONA, No. 3-0, AGUJA 36 MM.","SUTURA ABSORBIBLE SINTÉTICA, DE POLIGLECAPRONA, MONOFILAMENTO, No. 3-0, 1/2 CÍRCULO, PUNTA CÓNICA, 2.4.0.3.1., (36 MM.), LARGO DE HEBRA MÍNIMO 65 CMS.,  ESTÉRIL, LIBRE DE PIRÓGENOS, DESCARTABLE, EMPAQUE INDIVIDUAL.","2023-04-06 01:28:12"
85,295-575-000,"SUTURA ABSORBIBLE SINTÉTICA, MONOFILAMENTO, CON POLIGLECAPRONA, No. 4-0, AGUJA 26 MM.","SUTURA ABSORBIBLE SINTÉTICA, DE POLIGLECAPRONA, MONOFILAMENTO, No. 4-0, 1/2 CÍRCULO, PUNTA CÓNICA, 2.4.0.3.1., (26 MM.), LARGO DE HEBRA MÍNIMO 45 CMS., ESTÉRIL, LIBRE DE PIRÓGENOS, DESCARTABLE, EMPAQUE INDIVIDUAL.","2023-04-06 01:28:12"
86,295-576-000,"SUTURA ABSORBIBLE SINTÉTICA, MONOFILAMENTO, CON POLIGLECAPRONA, No. 4-0, AGUJA 15 A 17 MM.","SUTURA ABSORBIBLE SINTÉTICA, DE POLIGLECAPRONA, MONOFILAMENTO, No. 4-0, 1/2 CÍRCULO, PUNTA CÓNICA, 2.4.0.3.1., (15 A 17 MM.), LARGO DE HEBRA MÍNIMO 45 CMS., ESTÉRIL, LIBRE DE PIRÓGENOS, DESCARTABLE, EMPAQUE INDIVIDUAL.","2023-04-06 01:28:12"
87,295-577-000,"SUTURA ABSORBIBLE SINTÉTICA, MONOFILAMENTO, CON POLIGLECAPRONA, 1/2 CÍRCULO, PUNTA CÓNICA, No. 5-0, AGUJA 15 A 17 MM.","SUTURA ABSORBIBLE SINTÉTICA, DE POLIGLECAPRONA, MONOFILAMENTO, No. 5-0, 1/2 CÍRCULO, PUNTA CÓNICA, 2.4.0.3.1., (15 A 17 MM.), LARGO DE HEBRA MÍNIMO 45 CMS., ESTÉRIL, LIBRE DE PIRÓGENOS, DESCARTABLE, EMPAQUE INDIVIDUAL.","2023-04-06 01:28:12"
88,295-578-000,"SUTURA ABSORBIBLE SINTÉTICA, MONOFILAMENTO, CON POLIGLECAPRONA, No. 7-0, AGUJA 6.5 A 7.5 MM.","SUTURA ABSORBIBLE SINTÉTICA, DE POLIGLECAPRONA, MONOFILAMENTO, No. 7-0, 3/8 CÍRCULO, PUNTA CÓNICA, 2.3.0.3.1., (6.5 A 7.5 MM.), LARGO DE HEBRA MÍNIMO 45 CMS., ESTÉRIL, LIBRE DE PIRÓGENOS, DESCARTABLE, EMPAQUE INDIVIDUAL.","2023-04-06 01:28:12"
89,295-579-000,"SUTURA ABSORBIBLE SINTÉTICA, MONOFILAMENTO, CON POLIGLECAPRONA, No. 8-0, AGUJA 6.5 A 7.5 MM.","SUTURA ABSORBIBLE SINTÉTICA, DE POLIGLECAPRONA, MONOFILAMENTO, No. 8-0, 3/8 CÍRCULO, PUNTA CÓNICA, 2.3.0.3.1., (6.5 A 7.5 MM.), LARGO DE HEBRA MÍNIMO 45 CMS., ESTÉRIL, LIBRE DE PIRÓGENOS, DESCARTABLE, EMPAQUE INDIVIDUAL.","2023-04-06 01:28:12"
90,295-580-000,"SUTURA ABSORBIBLE SINTÉTICA, MONOFILAMENTO, CON POLIGLECAPRONA, No. 9-0, AGUJA 6.5 A 7.5 MM.","SUTURA ABSORBIBLE SINTÉTICA, DE POLIGLECAPRONA, MONOFILAMENTO, No. 9-0, 3/8 CÍRCULO, PUNTA CÓNICA, 2.3.0.3.1., (6.5 A 7.5 MM.), LARGO DE HEBRA MÍNIMO 45 CMS., ESTÉRIL, LIBRE DE PIRÓGENOS, DESCARTABLE, EMPAQUE INDIVIDUAL.","2023-04-06 01:28:12"
91,295-581-000,"SUTURA ENDOSCÓPICA, ABSORBIBLE SINTÉTICA, MULTIFILAMENTO TRENZADO, CON RECUBRIMIENTO, No. 0.","SUTURA ENDOSCÓPICA  ABSORBIBLE SINTÉTICA, MULTIFILAMENTO TRENZADO, CON  RECUBRIMIENTO, No. 0, AGUJA RECTA PARA MECANISMO TIPO ENDOSTITCH, (9 MM.), LONGITUD DE SUTURA 120 CM., ESTÉRIL, LIBRE DE PIRÓGENOS, DESCARTABLE, EMPAQUE INDIVIDUAL.","2023-04-06 01:28:12"
92,295-582-000,"SUTURA ABSORBIBLE SINTÉTICA, MONOFILAMENTO, CON POLIGLECAPRONA, No. 10-0, AGUJA 6.5 A 7.5 MM.","SUTURA ABSORBIBLE SINTÉTICA, DE POLIGLECAPRONA, MONOFILAMENTO, No. 10-0, 3/8 CÍRCULO, PUNTA CÓNICA, 2.3.0.1.1., (6.5 A 7.5 MM.), LARGO DE HEBRA MÍNIMO 45 CMS., ESTÉRIL, LIBRE DE PIRÓGENOS, DESCARTABLE, EMPAQUE INDIVIDUAL.","2023-04-06 01:28:12"
93,295-583-000,"SUTURA ENDOSCÓPICA, ABSORBIBLE SINTÉTICA, MULTIFILAMENTO TRENZADO, CON RECUBRIMIENTO, No. 2-0","SUTURA ENDOSCÓPICA ABSORBIBLE SINTÉTICA, MULTIFILAMENTO TRENZADO, CON  RECUBRIMIENTO, No. 2-0, AGUJA RECTA PARA MECANISMO TIPO ENDOSTITCH, (9 MM.), LONGITUD DE SUTURA 120 CM., ESTÉRIL, LIBRE DE PIRÓGENOS, DESCARTABLE, EMPAQUE INDIVIDUAL.","2023-04-06 01:28:12"
94,295-584-000,"SUTURA ABSORBIBLE MONOFILAMENTO DE POLIDIOXANONA, No. 1, AGUJA 26 MM","SUTURA SINTÉTICA ABSORBIBLE MONOFILAMENTO DE POLIDIOXANONA, No. 1,  AGUJA CURVA, 1/2 CÍRCULO, PUNTA CÓNICA, 2.4.0.1.1. (26 MM) EN EMPAQUE INDIVIDUAL ESTÉRIL Y LIBRE DE PIRÓGENOS.  LARGO DE LA HEBRA DE 65 CMS.","2023-04-06 01:28:12"
95,295-585-000,"SUTURA ABSORBIBLE MONOFILAMENTO DE POLIDIOXANONA, No. 1, AGUJA 36 MM","SUTURA SINTÉTICA ABSORBIBLE MONOFILAMENTO DE POLIDIOXANONA, No. 1 CON AGUJA CURVA, 1/2 CÍRCULO, PUNTA CÓNICA, 2.4.0.1.1. (36 MM) EN EMPAQUE INDIVIDUAL ESTÉRIL Y LIBRE DE PIRÓGENOS.  LARGO DE LA HEBRA DE 65 CMS.","2023-04-06 01:28:12"
96,295-586-000,"SUTURA ABSORBIBLE MONOFILAMENTO DE POLIDIOXANONA, No. 3-0 , AGUJA 15 A 17 MM","SUTURA SINTÉTICA ABSORBIBLE MONOFILAMENTO DE POLIDIOXANONA, No. 3-0 CON AGUJA CURVA, 1/2 CÍRCULO, PUNTA CÓNICA, 2.4.0.1.1. (15 A 17MM) EN EMPAQUE INDIVIDUAL ESTÉRIL Y LIBRE DE PIRÓGENOS.  LARGO DE LA HEBRA MÍNIMO 65 CMS.","2023-04-06 01:28:12"
97,295-587-000,"SUTURA ABSORBIBLE MONOFILAMENTO DE POLIDIOXANONA, No. 4-0, AGUJA 20 A 22 MM","SUTURA SINTÉTICA ABSORBIBLE MONOFILAMENTO DE POLIDIOXANONA, No. 4-0 CON AGUJA CURVA, 1/2 CÍRCULO, PUNTA CÓNICA, 2.4.0.1.1. (20 A 22MM) EN EMPAQUE INDIVIDUAL, ESTÉRIL Y LIBRE DE PIRÓGENOS.  LARGO DE LA HEBRA DE 65 CMS.","2023-04-06 01:28:12"
98,295-588-000,"SUTURA NO ABSORBIBLE NATURAL, MULTIFILAMENTO TRENZADO, CON RECUBRIMIENTO (SEDA), 1/2 CÍRCULO, PUNTA CÓNICA, No. 1, AGUJA 26 MM.","SUTURA NO ABSORBIBLE NATURAL, MULTIFILAMENTO TRENZADO, CON RECUBRIMIENTO (SEDA), No. 1, AGUJA CURVA, 1/2 CÍRCULO, PUNTA CÓNICA, 2.4.0.1.1., (26 MM.), LARGO DE HEBRA MÍNIMO 65 CMS., ESTÉRIL, LIBRE DE PIRÓGENOS, DESCARTABLE, EMPAQUE INDIVIDUAL.","2023-04-06 01:28:12"
99,295-589-000,"SUTURA NO ABSORBIBLE NATURAL, MULTIFILAMENTO TRENZADO, CON RECUBRIMIENTO (SEDA), 1/2 CÍRCULO, PUNTA CÓNICA, No. 0, AGUJA 26 MM.","SUTURA NO ABSORBIBLE NATURAL, MULTIFILAMENTO TRENZADO, CON RECUBRIMIENTO (SEDA), No. 0, AGUJA CURVA, 1/2 CÍRCULO, PUNTA CÓNICA, 2.4.0.1.1., (26 MM.), LARGO DE HEBRA MÍNIMO 65 CMS., ESTÉRIL, LIBRE DE PIRÓGENOS, DESCARTABLE, EMPAQUE INDIVIDUAL.","2023-04-06 01:28:12"
100,295-590-000,"SUTURA NO ABSORBIBLE NATURAL, MULTIFILAMENTO TRENZADO, CON RECUBRIMIENTO (SEDA), 1/2 CÍRCULO, PUNTA CÓNICA, No. 0, AGUJA 36 MM.","SUTURA NO ABSORBIBLE NATURAL, MULTIFILAMENTO TRENZADO, CON RECUBRIMIENTO (SEDA), No. 0, AGUJA CURVA, 1/2 CÍRCULO, PUNTA CÓNICA, 2.4.0.1.1., (36 MM.), LARGO DE HEBRA MÍNIMO 65 CMS., ESTÉRIL, LIBRE DE PIRÓGENOS, DESCARTABLE, EMPAQUE INDIVIDUAL.","2023-04-06 01:28:12"
101,295-591-000,"SUTURA NO ABSORBIBLE NATURAL, MULTIFILAMENTO TRENZADO, CON RECUBRIMIENTO (SEDA), No. 2-0, AGUJA PUNTA TRIANGULAR 26 MM.","SUTURA NO ABSORBIBLE NATURAL, MULTIFILAMENTO TRENZADO, CON RECUBRIMIENTO (SEDA), No. 2-0, AGUJA CURVA, 1/2 CÍRCULO, PUNTA TRIANGULAR, 2.4.3.1.1., (26 MM.), LARGO DE HEBRA MÍNIMO 65 CMS., ESTÉRIL, LIBRE DE PIRÓGENOS, DESCARTABLE, EMPAQUE INDIVIDUAL.","2023-04-06 01:28:12"
102,295-592-000,"SUTURA NO ABSORBIBLE NATURAL, MULTIFILAMENTO TRENZADO, CON RECUBRIMIENTO (SEDA), No. 2-0, AGUJA PUNTA CÓNICA 26 MM.","SUTURA NO ABSORBIBLE NATURAL, MULTIFILAMENTO TRENZADO, CON RECUBRIMIENTO (SEDA), No. 2-0, AGUJA CURVA, 1/2 CÍRCULO, PUNTA CÓNICA, 2.4.0.1.1., (26 MM.), LARGO DE HEBRA MÍNIMO 65 CMS., ESTÉRIL, LIBRE DE PIRÓGENOS, DESCARTABLE, EMPAQUE INDIVIDUAL.","2023-04-06 01:28:12"
103,295-593-000,"SUTURA NO ABSORBIBLE NATURAL, MULTIFILAMENTO TRENZADO, CON RECUBRIMIENTO (SEDA), No. 3-0, AGUJA 26 MM.","SUTURA NO ABSORBIBLE NATURAL, MULTIFILAMENTO TRENZADO, CON RECUBRIMIENTO (SEDA), No. 3-0, AGUJA CURVA, 1/2 CÍRCULO, PUNTA CÓNICA, 2.4.0.1.1., (26 MM.), LARGO DE HEBRA MÍNIMO 65 CMS., ESTÉRIL, LIBRE DE PIRÓGENOS, DESCARTABLE, EMPAQUE INDIVIDUAL.","2023-04-06 01:28:12"
104,295-594-000,"SUTURA NO ABSORBIBLE NATURAL, MULTIFILAMENTO TRENZADO, CON RECUBRIMIENTO (SEDA), 1/2 CÍRCULO, PUNTA CÓNICA, No. 4-0, AGUJA 17 A 20 MM.","SUTURA NO ABSORBIBLE NATURAL, MULTIFILAMENTO TRENZADO, CON RECUBRIMIENTO (SEDA), No. 4-0, AGUJA CURVA, 1/2 CÍRCULO, PUNTA CÓNICA, 2.4.0.1.1., (17 A 20 MM.), LARGO DE HEBRA MÍNIMO 65 CMS., ESTÉRIL, LIBRE DE PIRÓGENOS, DESCARTABLE, EMPAQUE INDIVIDUAL.","2023-04-06 01:28:12"
105,295-595-000,"SUTURA NO ABSORBIBLE NATURAL, MULTIFILAMENTO TRENZADO, CON RECUBRIMIENTO (SEDA), 3/8 DE CÍRCULO, PUNTA TRIANGULAR, No. 4-0, AGUJA 17 A 20 MM.","SUTURA NO ABSORBIBLE NATURAL, MULTIFILAMENTO TRENZADO, CON RECUBRIMIENTO (SEDA), No. 4-0, AGUJA CURVA, 3/8 DE CÍRCULO, PUNTA TRIANGULAR, CORTE INVERSO,  2.3.3.3.1., (17 A 20 MM.), LARGO DE HEBRA MÍNIMO 65 CMS., ESTÉRIL, LIBRE DE PIRÓGENOS, DESCARTABLE, EMPAQUE INDIVIDUAL.","2023-04-06 01:28:12"
106,295-596-000,"SUTURA NO ABSORBIBLE NATURAL, MULTIFILAMENTO TRENZADO, CON RECUBRIMIENTO (SEDA), No. 5-0, AGUJA 19 MM.","SUTURA NO ABSORBIBLE NATURAL, MULTIFILAMENTO TRENZADO, CON RECUBRIMIENTO (SEDA), No. 5-0, AGUJA CURVA, 3/8 DE CÍRCULO, PUNTA TRIANGULAR, CORTE INVERSO,  2.3.3.3.1., (19 MM.), LARGO DE HEBRA MÍNIMO 65 CMS., ESTÉRIL, LIBRE DE PIRÓGENOS, DESCARTABLE, EMPAQUE INDIVIDUAL.","2023-04-06 01:28:12"
107,295-597-000,"SUTURA NO ABSORBIBLE NATURAL, MULTIFILAMENTO TRENZADO, CON RECUBRIMIENTO (SEDA), No. 5-0, AGUJA 16 MM.","SUTURA NO ABSORBIBLE NATURAL, MULTIFILAMENTO TRENZADO, CON RECUBRIMIENTO (SEDA), No. 5-0, AGUJA CURVA, 1/2 CÍRCULO, PUNTA CÓNICA,  2.4.0.1.1., (16 MM.), LARGO DE HEBRA MÍNIMO 65 CMS., ESTÉRIL, LIBRE DE PIRÓGENOS, DESCARTABLE, EMPAQUE INDIVIDUAL.","2023-04-06 01:28:12"
108,295-598-000,"SUTURA NO ABSORBIBLE NATURAL, MULTIFILAMENTO TRENZADO, CON RECUBRIMIENTO (SEDA), No. 7-0, DOBLE AGUJA 6.5 A 7.5 MM.","SUTURA NO ABSORBIBLE NATURAL, MULTIFILAMENTO TRENZADO, CON RECUBRIMIENTO (SEDA), No. 7-0, DOBLE AGUJA CURVA, 3/8 DE CÍRCULO, PUNTA ESPATULADA, 2.3.6.4.2., (6.5 A 7.5 MM.), LARGO DE HEBRA MÍNIMO 45 CMS., ESTÉRIL, LIBRE DE PIRÓGENOS, DESCARTABLE, EMPAQUE INDIVIDUAL.","2023-04-06 01:28:12"
109,295-599-000,"SUTURA NO ABSORBIBLE NATURAL, MULTIFILAMENTO TRENZADO, CON RECUBRIMIENTO (SEDA), 1/2 CÍRCULO, PUNTA TRIANGULAR, No. 1, AGUJA 26 MM.","SUTURA NO ABSORBIBLE NATURAL, MULTIFILAMENTO TRENZADO, CON RECUBRIMIENTO (SEDA), No. 1, AGUJA CURVA, 1/2 CÍRCULO, PUNTA TRIANGULAR, CORTE INVERSO 2.4.3.3.1., (26 MM.), LARGO DE HEBRA MÍNIMO 65 CMS., ESTÉRIL, LIBRE DE PIRÓGENOS, DESCARTABLE, EMPAQUE INDIVIDUAL.","2023-04-06 01:28:12"
110,295-600-000,"SUTURA NO ABSORBIBLE NATURAL, MULTIFILAMENTO TRENZADO, CON RECUBRIMIENTO (SEDA), No. 1, AGUJA 36 MM.","SUTURA NO ABSORBIBLE NATURAL, MULTIFILAMENTO TRENZADO, CON RECUBRIMIENTO (SEDA), No. 1, AGUJA CURVA, 1/2 CÍRCULO, PUNTA TRIANGULAR, CORTE INVERSO, 2.4.3.3.1., (36 MM.), LARGO DE HEBRA MÍNIMO 65 CMS., ESTÉRIL, LIBRE DE PIRÓGENOS, DESCARTABLE, EMPAQUE INDIVIDUAL.","2023-04-06 01:28:12"
111,295-601-000,"SUTURA NO ABSORBIBLE NATURAL, MULTIFILAMENTO TRENZADO, CON RECUBRIMIENTO (SEDA), 1/2 CÍRCULO, PUNTA TRIANGULAR, No. 0, AGUJA 26 MM.","SUTURA NO ABSORBIBLE NATURAL, MULTIFILAMENTO TRENZADO, CON RECUBRIMIENTO (SEDA), No. 0, AGUJA CURVA, 1/2 CÍRCULO, PUNTA TRIANGULAR, CORTE INVERSO, 2.4.3.3.1., (26 MM.), LARGO DE HEBRA MÍNIMO 65 CMS., ESTÉRIL, LIBRE DE PIRÓGENOS, DESCARTABLE, EMPAQUE INDIVIDUAL.","2023-04-06 01:28:12"
112,295-602-000,"SUTURA NO ABSORBIBLE NATURAL, MULTIFILAMENTO TRENZADO, CON RECUBRIMIENTO (SEDA), 1/2 CÍRCULO, PUNTA TRIANGULAR, No. 0, AGUJA 36 MM.","SUTURA NO ABSORBIBLE NATURAL, MULTIFILAMENTO TRENZADO, CON RECUBRIMIENTO (SEDA), No. 0, AGUJA CURVA, 1/2 CÍRCULO, PUNTA TRIANGULAR, CORTE INVERSO, 2.4.3.3.1., (36 MM.), LARGO DE HEBRA MÍNIMO 65 CMS., ESTÉRIL, LIBRE DE PIRÓGENOS, DESCARTABLE, EMPAQUE INDIVIDUAL.","2023-04-06 01:28:12"
113,295-603-000,"SUTURA NO ABSORBIBLE NATURAL, MULTIFILAMENTO TRENZADO, CON RECUBRIMIENTO (SEDA), No. 4-0, AGUJA 16 A 17 MM.","SUTURA NO ABSORBIBLE NATURAL, MULTIFILAMENTO TRENZADO, CON RECUBRIMIENTO (SEDA), No. 4-0, AGUJA CURVA, 1/2 CÍRCULO, PUNTA CÓNICA, 2.4.0.1.1., (16-17 MM.), LARGO DE HEBRA MÍNIMO 65 CMS., ESTÉRIL, LIBRE DE PIRÓGENOS, DESCARTABLE, EMPAQUE INDIVIDUAL.","2023-04-06 01:28:12"
114,295-604-000,"SUTURA NO ABSORBIBLE SINTÉTICA, MONOFILAMENTO, DE POLIPROPILENO, No. 4-0, DOBLE AGUJA 15 A 17 MM.","SUTURA NO ABSORBIBLE SINTÉTICA, MONOFILAMENTO, POLIPROPILENO, No. 4-0, DOBLE AGUJA CURVA, 1/2 CÍRCULO, PUNTA CÓNICA, 2.4.0.1.2., (15 A 17 MM.), LARGO DE HEBRA MÍNIMO 65 CMS., ESTÉRIL, LIBRE DE PIRÓGENOS, DESCARTABLE, EMPAQUE INDIVIDUAL.","2023-04-06 01:28:12"
115,295-605-000,"SUTURA NO ABSORBIBLE SINTÉTICA, MONOFILAMENTO, DE POLIPROPILENO, No. 5-0, DOBLE AGUJA 15 A 17 MM.","SUTURA NO ABSORBIBLE SINTÉTICA, MONOFILAMENTO, POLIPROPILENO, No. 5-0, DOBLE AGUJA CURVA, 5/8 DE CÍRCULO, PUNTA CÓNICA, 2.5.0.1.2., (15 A 17 MM.), LARGO DE HEBRA MÍNIMO 65 CMS., ESTÉRIL, LIBRE DE PIRÓGENOS, DESCARTABLE, EMPAQUE INDIVIDUAL.","2023-04-06 01:28:12"
116,295-606-000,"SUTURA NO ABSORBIBLE SINTÉTICA, MONOFILAMENTO, POLIPROPILENO, No. 3-0, AGUJA 15 A 17 MM.","SUTURA NO ABSORBIBLE SINTÉTICA, MONOFILAMENTO, POLIPROPILENO No. 3-0, AGUJA CURVA, 1/2 CÍRCULO, PUNTA CÓNICA, 2.4.0.1.1., (15 A 17 MM.), LARGO DE HEBRA MÍNIMO 65 CMS., ESTÉRIL, LIBRE DE PIRÓGENOS, DESCARTABLE, EMPAQUE INDIVIDUAL.","2023-04-06 01:28:12"
117,295-607-000,"SUTURA NO ABSORBIBLE SINTÉTICA, MONOFILAMENTO, DE POLIPROPILENO, No. 3-0, DOBLE AGUJA 26 MM.","SUTURA NO ABSORBIBLE SINTÉTICA, MONOFILAMENTO, POLIPROPILENO, No. 3-0, DOBLE AGUJA CURVA, 1/2 CÍRCULO, PUNTA CÓNICA, 2.4.0.1.2., (26 MM.), LARGO DE HEBRA MÍNIMO 65 CMS., ESTÉRIL, LIBRE DE PIRÓGENOS, DESCARTABLE, EMPAQUE INDIVIDUAL.","2023-04-06 01:28:12"
118,295-608-000,"SUTURA NO ABSORBIBLE SINTÉTICA, MONOFILAMENTO, POLIPROPILENO, No. 5-0, DOBLE AGUJA 13 MM.","SUTURA NO ABSORBIBLE SINTÉTICA, MONOFILAMENTO, POLIPROPILENO, No. 5-0, DOBLE AGUJA CURVA, 3/8 DE CÍRCULO, PUNTA CÓNICA, 2.3.0.1.2., (13 MM.), LARGO DE HEBRA MÍNIMO 45 CMS., ESTÉRIL, LIBRE DE PIRÓGENOS, DESCARTABLE, EMPAQUE INDIVIDUAL.","2023-04-06 01:28:12"
119,295-609-000,"SUTURA NO ABSORBIBLE SINTÉTICA, MONOFILAMENTO, POLIPROPILENO, No. 5-0, DOBLE AGUJA 9 A 10 MM.","SUTURA NO ABSORBIBLE SINTÉTICA, MONOFILAMENTO, POLIPROPILENO, No. 5-0, DOBLE AGUJA CURVA, 1/2 CÍRCULO, PUNTA CÓNICA, 2.4.0.1.2., (9 A 10 MM.), LARGO DE HEBRA MÍNIMO 45 CMS., ESTÉRIL, LIBRE DE PIRÓGENOS, DESCARTABLE, EMPAQUE INDIVIDUAL.","2023-04-06 01:28:12"
120,295-610-000,"SUTURA NO ABSORBIBLE SINTÉTICA, MONOFILAMENTO, POLIPROPILENO, No. 0, AGUJA 26 MM.","SUTURA NO ABSORBIBLE SINTÉTICA, MONOFILAMENTO, POLIPROPILENO, No. 0, DOBLE AGUJA CURVA, 1/2 CÍRCULO, PUNTA CÓNICA, 2.4.0.1.2., (26 MM.), LARGO DE HEBRA MÍNIMO 65 CMS., ESTÉRIL, LIBRE DE PIRÓGENOS, DESCARTABLE, EMPAQUE INDIVIDUAL.","2023-04-06 01:28:12"
121,295-611-000,"SUTURA NO ABSORBIBLE SINTÉTICA, MONOFILAMENTO, POLIPROPILENO, No. 2-0, AGUJA 26 MM.","SUTURA NO ABSORBIBLE SINTÉTICA, MONOFILAMENTO, POLIPROPILENO, No. 2-0, AGUJA CURVA, 1/2 CÍRCULO, PUNTA TRIANGULAR, CORTE INVERSO, 2.4.3.3.1., (26   MM.), LARGO DE HEBRA MÍNIMO 65 CMS., ESTÉRIL, LIBRE DE PIRÓGENOS, DESCARTABLE, EMPAQUE INDIVIDUAL.","2023-04-06 01:28:12"
122,295-612-000,"SUTURA NO ABSORBIBLE SINTÉTICA, MONOFILAMENTO, DE POLIPROPILENO, No. 2-0, DOBLE AGUJA CURVA 36 MM.","SUTURA NO ABSORBIBLE SINTÉTICA, MONOFILAMENTO, POLIPROPILENO, No. 2-0, DOBLE AGUJA CURVA, 1/2 CÍRCULO, PUNTA CÓNICA, 2.4.0.1.2., (36 MM.), LARGO DE HEBRA MÍNIMO 65 CMS., ESTÉRIL, LIBRE DE PIRÓGENOS, DESCARTABLE, EMPAQUE INDIVIDUAL.","2023-04-06 01:28:12"
123,295-613-000,"SUTURA NO ABSORBIBLE SINTÉTICA, MONOFILAMENTO, DE POLIPROPILENO, No. 4-0, DOBLE AGUJA 20 A 26 MM.","SUTURA NO ABSORBIBLE SINTÉTICA, MONOFILAMENTO, POLIPROPILENO, No. 4-0, DOBLE AGUJA CURVA, 1/2 CÍRCULO, PUNTA CÓNICA, 2.4.0.1.2., (20 A 26 MM.), LARGO DE HEBRA MÍNIMO 65 CMS., ESTÉRIL, LIBRE DE PIRÓGENOS, DESCARTABLE, EMPAQUE INDIVIDUAL.","2023-04-06 01:28:12"
124,295-614-000,"SUTURA NO ABSORBIBLE SINTÉTICA, MONOFILAMENTO, DE POLIPROPILENO, No. 6-0, DOBLE AGUJA 13 MM.","SUTURA NO ABSORBIBLE SINTÉTICA, MONOFILAMENTO, POLIPROPILENO, 6-0, DOBLE AGUJA CURVA, 1/2 CÍRCULO, PUNTA CÓNICA, 2.4.0.1.2., (13 MM.), LARGO DE HEBRA MÍNIMO 65 CMS., ESTÉRIL, LIBRE DE PIRÓGENOS, DESCARTABLE, EMPAQUE INDIVIDUAL.","2023-04-06 01:28:12"
125,295-615-000,"SUTURA NO ABSORBIBLE SINTÉTICA, MONOFILAMENTO, POLIPROPILENO, No. 7-0, DOBLE AGUJA 9 A 13 MM.","SUTURA NO ABSORBIBLE SINTÉTICA MONOFILAMENTO, POLIPROPILENO, No. 7-0, DOBLE AGUJA, 3/8 DE CÍRCULO, PUNTA CÓNICA, 2.3.0.1.2., (9 A 13 MM.), LARGO DE HEBRA MÍNIMO 65 CMS., ESTÉRIL, LIBRE DE PIRÓGENOS, DESCARTABLE, EMPAQUE INDIVIDUAL.","2023-04-06 01:28:12"
126,295-616-000,"SUTURA NO ABSORBIBLE SINTÉTICA, MULTIFILAMENTO, PARA CERCLAJE UTERINO, 48   MM.","SUTURA NO ABSORBIBLE SINTÉTICA, MULTIFILAMENTO, PARA CERCLAJE UTERINO, BANDA LISA DE 5 MM. DE ANCHO, DOBLE AGUJA CURVA, 1/2 CÍRCULO, PUNTA CÓNICA, 2.4.0.1.2., (48   MM.), LARGO DE HEBRA MÍNIMO 30 CMS., ESTÉRIL, LIBRE DE PIRÓGENOS, DESCARTABLE, EMPAQUE INDIVIDUAL.","2023-04-06 01:28:12"
127,295-617-000,"SUTURA NO ABSORBIBLE SINTÉTICA, MONOFILAMENTO,  EXPANDIBLE, POLITETRAFLUOROETILENO,   No. 4-0, DOBLE AGUJA 13 MM.","SUTURA NO ABSORBIBLE SINTÉTICA, MONOFILAMENTO, EXPANDIBLE, POLITETRAFLUOROETILENO, No. 4-0, DOBLE AGUJA CURVA, 1/2 CÍRCULO, PUNTA CÓNICA, 2.4.0.1.2., (13 MM.), ESTÉRIL, LIBRE DE PIRÓGENOS, EMPAQUE INDIVIDUAL.","2023-04-06 01:28:12"
128,295-618-000,"SUTURA NO ABSORBIBLE SINTÉTICA, MONOFILAMENTO,  EXPANDIBLE, POLITETRAFLUOROETILENO,   No. 5-0, DOBLE AGUJA 13 MM.","SUTURA NO ABSORBIBLE SINTÉTICA, MONOFILAMENTO, EXPANDIBLE, POLITETRAFLUOROETILENO, No. 5-0, DOBLE AGUJA CURVA, 1/2 CÍRCULO, PUNTA CÓNICA, 2.4.0.1.2., (13 MM.), ESTÉRIL, LIBRE DE PIRÓGENOS, EMPAQUE INDIVIDUAL.","2023-04-06 01:28:12"
129,295-619-000,"SUTURA NO ABSORBIBLE SINTÉTICA, MONOFILAMENTO,  EXPANDIBLE, POLITETRAFLUOROETILENO,   No. 6-0, DOBLE AGUJA 10 MM.","SUTURA NO ABSORBIBLE SINTÉTICA, MONOFILAMENTO, EXPANDIBLE, POLITETRAFLUOROETILENO, No. 6-0, DOBLE AGUJA CURVA, 1/2 CÍRCULO, PUNTA CÓNICA, 2.4.0.1.2., (10 MM.), ESTÉRIL, LIBRE DE PIRÓGENOS, EMPAQUE INDIVIDUAL.","2023-04-06 01:28:12"
130,295-620-000,"SUTURA NO ABSORBIBLE SINTÉTICA, NYLON AZUL, MONOFILAMENTO, CALIBRE 0 (1-0), AGUJA 26 MM.","SUTURA NO ABSORBIBLE SINTÉTICA, MONOFILAMENTO, No. 0 (1-0), 1/2 CÍRCULO, PUNTA TRIANGULAR CORTE CONVENCIONAL, 2.4.2.3.1., (26 MM.), LARGO DE HEBRA MÍNIMO 65 CMS., ESTÉRIL, LIBRE DE PIRÓGENOS, DESCARTABLE, EMPAQUE INDIVIDUAL.","2023-04-06 01:28:12"
131,295-621-000,"SUTURA NO ABSORBIBLE SINTÉTICA, NYLON AZUL, MONOFILAMENTO, CALIBRE 0 (1-0), AGUJA 36 MM.","SUTURA NO ABSORBIBLE SINTÉTICA, MONOFILAMENTO, No. 0 (1-0), 1/2 CÍRCULO, PUNTA TRIANGULAR CORTE CONVENCIONAL, 2.4.2.3.1., (36 MM.), LARGO DE HEBRA MÍNIMO 65 CMS, ESTÉRIL, LIBRE DE PIRÓGENOS, DESCARTABLE, EMPAQUE INDIVIDUAL.","2023-04-06 01:28:12"
132,295-622-000,"SUTURA NO ABSORBIBLE SINTÉTICA, NYLON AZUL, MONOFILAMENTO, CALIBRE 2-0, AGUJA 26 MM.","SUTURA NO ABSORBIBLE SINTÉTICA, MONOFILAMENTO, No. 2-0, 1/2 CÍRCULO, PUNTA TRIANGULAR CORTE CONVENCIONAL, 2.4.2.3.1., (26 MM.), LARGO DE HEBRA MÍNIMO 65 CMS, ESTÉRIL, LIBRE DE PIRÓGENOS, DESCARTABLE, EMPAQUE INDIVIDUAL.","2023-04-06 01:28:12"
133,295-623-000,"SUTURA NO ABSORBIBLE SINTÉTICA, NYLON AZUL,   MONOFILAMENTO, CALIBRE 2-0, AGUJA 36 MM.","SUTURA NO ABSORBIBLE SINTÉTICA, MONOFILAMENTO, No. 2-0, AGUJA CORTANTE, 1/2 CÍRCULO, PUNTA TRIANGULAR CORTE CONVENCIONAL, 2.4.2.3.1., (36 MM.), LARGO DE HEBRA MÍNIMO 65 CMS, ESTÉRIL, LIBRE DE PIRÓGENOS, DESCARTABLE, EMPAQUE INDIVIDUAL.","2023-04-06 01:28:12"
134,295-624-000,"SUTURA NO ABSORBIBLE SINTÉTICA, NYLON AZUL,  MONOFILAMENTO, CALIBRE 3-0, AGUJA 19 A 24 MM.","SUTURA NO ABSORBIBLE SINTÉTICA, MONOFILAMENTO, No. 3-0, 1/2 CÍRCULO, PUNTA TRIANGULAR CORTE CONVENCIONAL 2.4.2.3.1., (19 A 24 MM..), LARGO DE HEBRA MÍNIMO 65 CMS., ESTÉRIL, LIBRE DE PIRÓGENOS, DESCARTABLE, EMPAQUE INDIVIDUAL.","2023-04-06 01:28:12"
135,295-625-000,"SUTURA NO ABSORBIBLE SINTÉTICA, NYLON AZUL,   MONOFILAMENTO, CALIBRE 4-0, AGUJA 18 A 20 MM.","SUTURA NO ABSORBIBLE SINTÉTICA, MONOFILAMENTO, No. 4-0,  1/2 CÍRCULO, PUNTA TRIANGULAR CORTE CONVENCIONAL 2.4.2.3.1., (18 A 20 MM.), LARGO DE HEBRA MÍNIMO 45 CMS., ESTÉRIL, LIBRE DE PIRÓGENOS, DESCARTABLE, EMPAQUE INDIVIDUAL.","2023-04-06 01:28:12"
136,295-626-000,"SUTURA NO ABSORBIBLE SINTÉTICA, NYLON AZUL, MONOFILAMENTO, CALIBRE 5-0, 1/2 CÍRCULO, PUNTA TRIANGULAR CORTE CONVENCIONAL, AGUJA 13 A 15 MM.","SUTURA NO ABSORBIBLE SINTÉTICA, MONOFILAMENTO, No. 5-0, 1/2 CÍRCULO, PUNTA TRIANGULAR CORTE CONVENCIONAL 2.4.2.3.1., (13 A 15 MM.), LARGO DE HEBRA MÍNIMO 45 CMS., ESTÉRIL, LIBRE DE PIRÓGENOS, DESCARTABLE, EMPAQUE INDIVIDUAL.","2023-04-06 01:28:12"
137,295-627-000,"SUTURA NO ABSORBIBLE SINTÉTICA, NYLON AZUL,  MONOFILAMENTO, CALIBRE 5-0, AGUJA 13 A 15 MM.","SUTURA NO ABSORBIBLE SINTÉTICA, MONOFILAMENTO, No. 5-0, 3/8 CÍRCULO, PUNTA TRIANGULAR CORTE CONVENCIONAL 2.4.2.3.1., (13 A 15 MM.), LARGO DE HEBRA MÍNIMO 45 CMS., ESTÉRIL, LIBRE DE PIRÓGENOS, DESCARTABLE, EMPAQUE INDIVIDUAL.","2023-04-06 01:28:12"
138,295-628-000,"SUTURA NO ABSORBIBLE SINTÉTICA, NYLON AZUL,  MONOFILAMENTO, CALIBRE 6-0, AGUJA 26 MM.","SUTURA NO ABSORBIBLE SINTÉTICA, MONOFILAMENTO, No. 6-0, 1/2 CÍRCULO, PUNTA TRIANGULAR CORTE CONVENCIONAL 2.4.2.3.1., (26 MM.), LARGO DE HEBRA MÍNIMO 45 CMS., ESTÉRIL, LIBRE DE PIRÓGENOS, DESCARTABLE, EMPAQUE INDIVIDUAL.","2023-04-06 01:28:12"
139,295-629-000,"SUTURA NO ABSORBIBLE SINTÉTICA, NYLON AZUL, MONOFILAMENTO, CALIBRE 6-0, AGUJA 36 MM.","SUTURA NO ABSORBIBLE SINTÉTICA, MONOFILAMENTO, No. 6-0,  1/2 CÍRCULO, PUNTA TRIANGULAR CORTE CONVENCIONAL 2.4.2.3.1., (36 MM.), LARGO DE HEBRA MÍNIMO 45 CMS., ESTÉRIL, LIBRE DE PIRÓGENOS, DESCARTABLE, EMPAQUE INDIVIDUAL.","2023-04-06 01:28:12"
140,295-630-000,"SUTURA NO ABSORBIBLE SINTÉTICA, NYLON AZUL,   MONOFILAMENTO, CALIBRE 7-0, 1/2 CÍRCULO, PUNTA TRIANGULAR CORTE CONVENCIONAL, AGUJA 6.5 A 7.5 MM.","SUTURA NO ABSORBIBLE SINTÉTICA, MONOFILAMENTO, No. 7-0, 1/2 CÍRCULO, PUNTA TRIANGULAR CORTE CONVENCIONAL 2.4.2.3.1., (6.5 A 7.5 MM.), LARGO DE HEBRA MÍNIMO 45 CMS., ESTÉRIL, LIBRE DE PIRÓGENOS, DESCARTABLE, EMPAQUE INDIVIDUAL.","2023-04-06 01:28:12"
141,295-631-000,"SUTURA NO ABSORBIBLE SINTÉTICA, NYLON AZUL,   MONOFILAMENTO, CALIBRE 7-0, AGUJA 6.5 A 7.5 MM","SUTURA NO ABSORBIBLE SINTÉTICA, MONOFILAMENTO, No. 7-0, 3/8 CÍRCULO, PUNTA TRIANGULAR CORTE CONVENCIONAL 2.3.2.3.1., (6.5 A 7.5 MM), LARGO DE HEBRA MÍNIMO 45 CMS., ESTÉRIL, LIBRE DE PIRÓGENOS, DESCARTABLE, EMPAQUE INDIVIDUAL.","2023-04-06 01:28:12"
142,295-632-000,"SUTURA NO ABSORBIBLE SINTÉTICA, NYLON AZUL,  MONOFILAMENTO, CALIBRE 8-0, 1/2 CÍRCULO, PUNTA TRIANGULAR CORTE CONVENCIONAL, AGUJA 6.5 A 7.5 MM","SUTURA NO ABSORBIBLE SINTÉTICA, MONOFILAMENTO, No. 8-0, 1/2 CÍRCULO, PUNTA TRIANGULAR CORTE CONVENCIONAL 2.4.2.3.1., (6.5 A 7.5 MM.), LARGO DE HEBRA MÍNIMO 45 CMS., ESTÉRIL, LIBRE DE PIRÓGENOS, DESCARTABLE, EMPAQUE INDIVIDUAL.","2023-04-06 01:28:12"
143,295-633-000,"SUTURA NO ABSORBIBLE SINTÉTICA, NYLON AZUL, MONOFILAMENTO, CALIBRE 8-0, AGUJA 6.5 A 7.5 MM","SUTURA NO ABSORBIBLE SINTÉTICA, MONOFILAMENTO, No. 8-0, 3/8 CÍRCULO, PUNTA TRIANGULAR CORTE CONVENCIONAL 2.3.2.3.1., (6.5 A 7.5 MM), LARGO DE HEBRA MÍNIMO 45 CMS., ESTÉRIL, LIBRE DE PIRÓGENOS, DESCARTABLE, EMPAQUE INDIVIDUAL.","2023-04-06 01:28:12"
144,295-634-000,"SUTURA NO ABSORBIBLE SINTÉTICA, NYLON AZUL,  MONOFILAMENTO, CALIBRE 9-0, AGUJA 6.5 A 7.5 MM","SUTURA NO ABSORBIBLE SINTÉTICA, MONOFILAMENTO, No. 9-0, 3/8 CÍRCULO, PUNTA TRIANGULAR CORTE CONVENCIONAL 2.3.2.3.1., (6.5 A 7.5 MM.), LARGO DE HEBRA MÍNIMO 45 CMS., ESTÉRIL, LIBRE DE PIRÓGENOS, DESCARTABLE, EMPAQUE INDIVIDUAL.","2023-04-06 01:28:12"
145,295-635-000,"SUTURA NO ABSORBIBLE SINTÉTICA, MONOFILAMENTO, CALIBRE 9-0, AGUJA 6.5 A 7.5 MM","SUTURA NO ABSORBIBLE SINTÉTICA, MONOFILAMENTO, No. 9-0, 3/8 CÍRCULO, PUNTA TRIANGULAR CORTE CONVENCIONAL 2.3.2.3.1., (6.5 A 7.5 MM), LARGO DE HEBRA MÍNIMO 45 CMS., ESTÉRIL, LIBRE DE PIRÓGENOS, DESCARTABLE, EMPAQUE INDIVIDUAL.","2023-04-06 01:28:12"
146,295-636-000,"SUTURA NO ABSORBIBLE SINTÉTICA, MONOFILAMENTO, CALIBRE 10-0, AGUJA 6.5 A 7.5 MM","SUTURA NO ABSORBIBLE SINTÉTICA, MONOFILAMENTO, No. 10-0, 1/2 CÍRCULO, PUNTA TRIANGULAR CORTE CONVENCIONAL 2.4.2.3.1., (6.5 A 7.5 MM), LARGO DE HEBRA MÍNIMO 45 CMS., ESTÉRIL, LIBRE DE PIRÓGENOS, DESCARTABLE, EMPAQUE INDIVIDUAL.","2023-04-06 01:28:12"
147,295-637-000,"SUTURA NO ABSORBIBLE SINTÉTICA, NYLON AZUL,  MONOFILAMENTO, CALIBRE 10-0, AGUJA 6.5 A 7.5 MM","SUTURA NO ABSORBIBLE SINTÉTICA, MONOFILAMENTO, No. 10-0, 1/2 CÍRCULO, PUNTA TRIANGULAR CORTE CONVENCIONAL 2.4.2.3.1., (6.5 A 7.5 MM), LARGO DE HEBRA MÍNIMO 45 CMS., ESTÉRIL, LIBRE DE PIRÓGENOS, DESCARTABLE, EMPAQUE INDIVIDUAL.","2023-04-06 01:28:12"
148,295-638-000,"SUTURA ENDOSCÓPICA, NO ABSORBIBLE SINTÉTICA, MULTIFILAMENTO TRENZADO, CON RECUBRIMIENTO, No. 2-0.","SUTURA ENDOSCÓPICA NO ABSORBIBLE SINTÉTICA, MULTIFILAMENTO TRENZADO, CON  RECUBRIMIENTO, No. 2-0, AGUJA RECTA PARA MECANISMO TIPO ENDOSTITCH, (9 MM.), LONGITUD DE SUTURA 120 CM., ESTÉRIL, LIBRE DE PIRÓGENOS, DESCARTABLE, EMPAQUE INDIVIDUAL.","2023-04-06 01:28:12"
149,295-639-000,"ACERO 2  4X50 CMS","ACERO INOXIDABLE  No. 2, 4 HEBRAS POR SOBRE DE 50 CMS CADA UNA,  AGUJA 1/2 CÍRCULO, PUNTA TRIANGULAR CORTE INVERSO, 2.4.2.1.1 (45MM). ESTÉRIL, LIBRE DE PIRÓGENOS, DESCARTABLE, EMPAQUE INDIVIDUAL.","2023-04-06 01:28:12"
150,295-640-000,"ACERO 1 4X45 CMS","ACERO INOXIDABLE  No. 1, 4 HEBRAS POR SOBRE DE 45 CMS CADA UNA, AGUJA PUNTA CÓNICA, 1/2 CÍRCULO 2.4.0.1.1. (26MM). ESTÉRIL, LIBRE DE PIRÓGENOS, DESCARTABLE, EMPAQUE INDIVIDUAL.","2023-04-06 01:28:12"
151,295-641-000,"ACERO 4  4X45 CMS","ACERO INOXIDABLE No. 4, 4 HEBRAS POR SOBRE DE 45 CMS CADA UNA, PUNTA TRIANGULAR CORTE CONVENCIONAL, 1/2 CÍRCULO., 2.4.2.1.1. (48MM). ESTÉRIL, LIBRE DE PIRÓGENOS, DESCARTABLE, EMPAQUE INDIVIDUAL.","2023-04-06 01:28:12"
152,295-642-000,"ACERO 5  4X45 CMS","ACERO INOXIDABLE No. 5, 4 HEBRAS POR SOBRE DE 45 CMS CADA UNA,  1/2 CÍRCULO, PUNTA TRIANGULAR CORTE CONVENCIONAL, 2.4.2.1.1. (48MM) . ESTÉRIL, LIBRE DE PIRÓGENOS, DESCARTABLE, EMPAQUE INDIVIDUAL.","2023-04-06 01:28:12"
153,295-643-000,"ACERO 6  4X45 CMS","ACERO INOXIDABLE No. 6, 4 HEBRAS POR SOBRE DE 45 CMS CADA UNA,  PUNTA TRIANGULAR CORTE CONVENCIONAL,  DE 1/2 CÍRCULO 2.4.2.1.1.(48MM). ESTÉRIL, LIBRE DE PIRÓGENOS, DESCARTABLE, EMPAQUE INDIVIDUAL.","2023-04-06 01:28:12"
154,264-001-000,"PLAGUICIDA DELTAMETRINA 4.5 % ULV","PLAGUICIDA PARA CONTROL DE INSECTOS VOLADORES (DENTRO Y FUERA DE LA VIVIENDA) DELTAMETRINA AL 4.5 % LÍQUIDO SUSPENSIÓN ULTRA BAJO VOLUMEN (S) -a-ciano-3-fenoxibencil (1R) - cis - 3 -(2,2-dibromovinil) -2,2 - ciclopropanocarboxilato. DEBE CUMPLIR CON LAS ESPECIFICACIONES DE OMS (WHO). ENVASADO EN LITROS DE PLÁSTICO TIPO PET CON TAPADERA. COTIZAR POR LITRO.  CÓDIGO DE INSUMO 64545","2023-04-06 01:28:12"
155,264-002-000,"PLAGUICIDA BIOLÓGICO  BACILLUS SPHAERICUS","PLAGUICIDA BIOLÓGICO PARA CONTROL DE LARVAS ANOPHELES TRATAMIENTO A CRIADEROS LIMPIOS DE AGUA ESTANCADA EN VIVIENDA AREA RURAL, LARVICIDA BIOLÓGICO Bacillus sphaericus PRESENTACIÓN GRANULADO AL 7.5 %  SEROTIPO H5a5b 50 B.s. ITU/mg. DEBE CUMPLIR CON ESPECIFICACIONES DE OMS (WHO). POLVO GRANULADO EMPACADO EN BOLSA DE PAPEL CRAFT, PROTEGIDA CON POLIETILENO, CON CAPACIDAD DE 18.14 KILOGRAMOS. COTIZAR POR KILOGRAMO.  CÓDIGO DE INSUMO 64546","2023-04-06 01:28:12"
156,264-003-000,"PABELLÓN IMPREGNADO CON ALFACIPERMETRINA","PABELLÓN IMPREGNADO (MOSQUITEROS) MALLA DE POLIESTER IMPREGNADO CON INSECTICIDA INGREDIENTE ACTIVO: ALFACIPERMETRINA Mezcla racémica (R)-a-clano-3-fenoxibencil (1S)-cis-3-(2,2-diclorovinil)-2,2-dimetilciclopropanocarboxilato y (S)-a-ciano-3-fenoxibencil (1R)-cis-3-(2,2-diclorovinil)-2,2-dimetilciclopropanocarboxilato. ((EQUIVALENTE A 200 mg DE i.a. / m2 DE SUPERFICIE DE MALLA)  NO MENOS DE 0,67%) INGREDIENTES INERTES: POLIÉSTER RECUBRIMIENTO Y ADHERENTE (NO MÁS DE 99.33%) MEDIDA 180*150*100 CENTIMETROS, Denier 75-100 Material Poliéster multifilamentoso, malla de 156 agujeros/pulg2 PRESENTACIÓN DE EMPAQUE INDIVIDUAL. COTIZAR POR UNIDAD. CÓDIGO DE INSUMO 64554","2023-04-06 01:28:12"
157,264-004-000,"LARVICIDA TEMEFOS (TEMEPHOS)","PLAGUICIDA PARA EL CONTROL DE LARVAS DE MOSQUITOS EN FASE INMADURAS, EN CRIADEROS DE AGUA DENTRO Y FUERA DE VIVIENDA, TEMEFOS (TEMEPHOS) AL 1% (0,0,0'0'-tetramethyl 0,0'-thiodi-p-phenylene bis (phosphorothioate). GRANULADO. DEBE CUMPLIR CON ESPECIFICACIONES OMS (WHO). EMPACADO EN BOLSA DE PAPEL CRAFT. CAPACIDAD DE 20 KILOS POR BOLSA. COTIZAR POR KILOGRAMO. CÓDIGO DE INSUMO 10144","2023-04-06 01:28:12"
158,264-005-000,"PLAGUICIDA BACILLUS THURINGIENSIS VAR. ISRAELENSIS","PLAGUICIDA BIOLÓGICO PARA EL CONTROL DE LARVAS DE MOSQUITO EN FASE INMADURA. USO EN AGUA ESTANCADA EN CRIADEROS ÚTILES Y NO ÚTILES DENTRO DE LA VIVIENDA  BACILLUS THURINGIENSIS VAR.  ISRAELENSIS P/P 37.4% INGREDIENTE ACTIVO P/P 62.6 % (POTENCIA 3000 UNIDADES TÓXICAS INTERNACIONALES (UTI/MG) FABRICADO CON PLAGUICIDA BACILLUS THURINGIENSIS VAR. ISRAELENSIS. DEBE CUMPLIR CON ESPECIFICACIONES DE OMS (WHO). ENVASADO EN FRASCO DE PLÁSTICO, CON TAPADERA Y CAPACIDAD DE 500 GRAMOS COTIZAR POR KILOGRAMO. CÓDIGO DE INSUMO 56264","2023-04-06 01:28:12"
